SampID,Cruise,Lat,Long,Local_Date,Local_Time,depth_m,station,Treatment
220902_Smp_TN397_U1_A,TN397,32.25921,-117.3388,18/11/2021,22:00:00,7,NA,NA
220902_Smp_TN397_U1_B,TN397,32.25921,-117.3388,18/11/2021,22:00:00,7,NA,NA
220902_Smp_TN397_U1_C,TN397,32.25921,-117.3388,18/11/2021,22:00:00,7,NA,NA
220902_Smp_TN397_U2_A,TN397,32.11654,-117.58582,19/11/2021,00:00:00,7,NA,NA
220902_Smp_TN397_U2_B,TN397,32.11654,-117.58582,19/11/2021,00:00:00,7,NA,NA
220902_Smp_TN397_U2_C,TN397,32.11654,-117.58582,19/11/2021,00:00:00,7,NA,NA
220902_Smp_TN397_U3_A,TN397,31.5634,-118.25816,19/11/2021,02:09:00,7,NA,NA
220902_Smp_TN397_U3_B,TN397,31.5634,-118.25816,19/11/2021,02:09:00,7,NA,NA
220902_Smp_TN397_U3_C,TN397,31.5634,-118.25816,19/11/2021,02:09:00,7,NA,NA
220902_Smp_TN397_U4_A,TN397,31.26598,-119.15959,19/11/2021,06:10:00,7,NA,NA
220902_Smp_TN397_U4_B,TN397,31.26598,-119.15959,19/11/2021,06:10:00,7,NA,NA
220902_Smp_TN397_U4_C,TN397,31.26598,-119.15959,19/11/2021,06:10:00,7,NA,NA
220902_Smp_TN397_MQBlk1_A,TN397,NA,NA,19/11/2021,14:30:00,7,NA,NA
220902_Smp_TN397_MQBlk1_B,TN397,NA,NA,19/11/2021,14:30:00,7,NA,NA
220902_Smp_TN397_MQBlk1_C,TN397,NA,NA,19/11/2021,14:30:00,7,NA,NA
220902_Smp_TN397_UnfiltMQ1_A,TN397,NA,NA,19/11/2021,14:55:00,7,NA,NA
220902_Smp_TN397_UnfiltMQ1_B,TN397,NA,NA,19/11/2021,14:55:00,7,NA,NA
220902_Smp_TN397_UnfiltMQ1_C,TN397,NA,NA,19/11/2021,14:55:00,7,NA,NA
220902_Smp_TN397_U5_A,TN397,30.10413,-121.27565,19/11/2021,17:11:00,7,NA,NA
220902_Smp_TN397_U5_B,TN397,30.10413,-121.27565,19/11/2021,17:11:00,7,NA,NA
220902_Smp_TN397_U5_C,TN397,30.10413,-121.27565,19/11/2021,17:11:00,7,NA,NA
220902_Smp_TN397_DFBlk1_A,TN397,30.10413,-121.27565,19/11/2021,17:11:00,7,NA,NA
220902_Smp_TN397_DFBlk1_B,TN397,30.10413,-121.27565,19/11/2021,17:11:00,7,NA,NA
220902_Smp_TN397_DFBlk1_C,TN397,30.10413,-121.27565,19/11/2021,17:11:00,7,NA,NA
220902_Smp_TN397_S1_U_A,TN397,28.32288,-124.13627,20/11/2021,06:22:00,7,NA,NA
220902_Smp_TN397_S1_U_B,TN397,28.32288,-124.13627,20/11/2021,06:22:00,7,NA,NA
220902_Smp_TN397_S1_U_C,TN397,28.32288,-124.13627,20/11/2021,06:22:00,7,NA,NA
220902_Smp_TN397_S2_U_A,TN397,27.0673,-126.6739,21/11/2021,06:45:00,7,NA,NA
220902_Smp_TN397_S2_U_B,TN397,27.0673,-126.6739,21/11/2021,06:45:00,7,NA,NA
220902_Smp_TN397_S2_U_C,TN397,27.0673,-126.6739,21/11/2021,06:45:00,7,NA,NA
220902_Smp_TN397_U6_A,TN397,25.98,-128.46,21/11/2021,17:50:00,7,NA,NA
220902_Smp_TN397_U6_B,TN397,25.98,-128.46,21/11/2021,17:55:00,7,NA,NA
220902_Smp_TN397_U6_C,TN397,25.98,-128.46,21/11/2021,18:00:00,7,NA,NA
220902_Smp_TN397_U7_A,TN397,24.43,-130.99,22/11/2021,06:54:00,7,NA,NA
220902_Smp_TN397_U7_B,TN397,24.43,-130.99,22/11/2021,06:54:00,7,NA,NA
220902_Smp_TN397_U7_C,TN397,24.43,-130.99,22/11/2021,06:54:00,7,NA,NA
220902_Smp_TN397_U8_BB,TN397,NA,NA,22/11/2021,13:40:00,7,NA,NA
220902_Smp_TN397_S3_U_A,TN397,21,-135,23/11/2021,06:10:00,7,NA,NA
220902_Smp_TN397_S3_U_B,TN397,21,-135,23/11/2021,06:10:00,7,NA,NA
220902_Smp_TN397_S3_U_C,TN397,21,-135,23/11/2021,06:10:00,7,NA,NA
220902_Smp_TN397_S4_U_600_A,TN397,19.6377,-138.6154,24/11/2021,06:19:00,7,NA,NA
220902_Smp_TN397_S4_U_600_B,TN397,19.6377,-138.6154,24/11/2021,06:19:00,7,NA,NA
220902_Smp_TN397_S4_U_600_C,TN397,19.6377,-138.6154,24/11/2021,06:19:00,7,NA,NA
220902_Smp_TN397_S4_U_1800_A,TN397,19.69,-138.58,24/11/2021,17:36:00,7,NA,NA
220902_Smp_TN397_S4_U_1800_B,TN397,19.69,-138.58,24/11/2021,17:40:00,7,NA,NA
220902_Smp_TN397_S4_U_1800_C,TN397,19.69,-138.58,24/11/2021,17:41:00,7,NA,NA
220902_Smp_TN397_S4_2400_U_A,TN397,19.639,-138.6135,24/11/2021,23:04:00,7,NA,NA
220902_Smp_TN397_S4_2400_U_B,TN397,19.639,-138.6135,24/11/2021,23:05:00,7,NA,NA
220902_Smp_TN397_S4_2400_U_C,TN397,19.639,-138.6135,24/11/2021,23:06:00,7,NA,NA
220902_Smp_TN397_S6_U_A,TN397,13.9487,-140.0016,27/11/2021,06:24:00,7,NA,NA
220902_Smp_TN397_S6_U_B,TN397,13.9487,-140.0016,27/11/2021,06:24:00,7,NA,NA
220902_Smp_TN397_S6_U_C,TN397,13.9487,-140.0016,27/11/2021,06:24:00,7,NA,NA
220902_Smp_TN397_U9_A,TN397,12.389,-139.9989,27/11/2021,17:54:00,7,NA,NA
220902_Smp_TN397_U9_B,TN397,12.389,-139.9989,27/11/2021,17:54:00,7,NA,NA
220902_Smp_TN397_U9_C,TN397,12.389,-139.9989,27/11/2021,17:54:00,7,NA,NA
220902_Smp_TN397_S7_600_U_A,TN397,10.6974,-139.998,28/11/2021,06:18:00,7,NA,NA
220902_Smp_TN397_S7_600_U_B,TN397,10.6974,-139.998,28/11/2021,06:18:00,7,NA,NA
220902_Smp_TN397_S7_600_U_C,TN397,10.6974,-139.998,28/11/2021,06:18:00,7,NA,NA
220902_Smp_TN397_S7_1800_U_A,TN397,10.6979,-139.9975,28/11/2021,17:52:00,7,NA,NA
220902_Smp_TN397_S7_1800_U_B,TN397,10.6979,-139.9975,28/11/2021,17:52:00,7,NA,NA
220902_Smp_TN397_S7_1800_U_C,TN397,10.6979,-139.9975,28/11/2021,17:52:00,7,NA,NA
220902_Smp_TN397_S8_U_A,TN397,8.388,-139.9961,30/11/2021,06:17:00,7,NA,NA
220902_Smp_TN397_S8_U_B,TN397,8.388,-139.9961,30/11/2021,06:17:00,7,NA,NA
220902_Smp_TN397_S8_U_C,TN397,8.388,-139.9961,30/11/2021,06:17:00,7,NA,NA
220902_Smp_TN397_U10_A,TN397,6.7602,-140.002,30/11/2021,17:48:00,7,NA,NA
220902_Smp_TN397_U10_B,TN397,6.7602,-140.002,30/11/2021,17:48:00,7,NA,NA
220902_Smp_TN397_U10_C,TN397,6.7602,-140.002,30/11/2021,17:48:00,7,NA,NA
220902_Smp_TN397_S9_600_U_A,TN397,4.7508,-140.0005,1/12/21,06:15:00,7,NA,NA
220902_Smp_TN397_S9_600_U_B,TN397,4.7508,-140.0005,1/12/21,06:15:00,7,NA,NA
220902_Smp_TN397_S9_600_U_C,TN397,4.7508,-140.0005,1/12/21,06:15:00,7,NA,NA
220902_Smp_TN397_S9_BB_A,TN397,4.7508,-140.0005,1/12/21,08:30:00,7,NA,NA
220902_Smp_TN397_S9_BB_B,TN397,4.7508,-140.0005,1/12/21,08:30:00,7,NA,NA
220902_Smp_TN397_S9_1800_U_A,TN397,4.7695,-139.9879,1/12/21,18:00:00,7,NA,NA
220902_Smp_TN397_S9_1800_U_B,TN397,4.7695,-139.9879,1/12/21,18:00:00,7,NA,NA
220902_Smp_TN397_S9_1800_U_C,TN397,4.7695,-139.9879,1/12/21,18:00:00,7,NA,NA
220902_Smp_TN397_U11_A,TN397,3.015,-140.0059,2/12/21,18:00:00,7,NA,NA
220902_Smp_TN397_U11_B,TN397,3.015,-140.0059,2/12/21,18:00:00,7,NA,NA
220902_Smp_TN397_U11_C,TN397,3.015,-140.0059,2/12/21,18:00:00,7,NA,NA
220902_Smp_TN397_S10_U_A,TN397,1.1248,-140.0051,3/12/21,06:00:00,7,NA,NA
220902_Smp_TN397_S10_U_B,TN397,1.1248,-140.0051,3/12/21,06:00:00,7,NA,NA
220902_Smp_TN397_S10_U_C,TN397,1.1248,-140.0051,3/12/21,06:00:00,7,NA,NA
220902_Smp_TN397_S11_600_U_A,TN397,0.1459,-139.9081,4/12/21,06:00:00,7,NA,NA
220902_Smp_TN397_S11_600_U_B,TN397,0.1459,-139.9081,4/12/21,06:00:00,7,NA,NA
220902_Smp_TN397_S11_600_U_C,TN397,0.1459,-139.9081,4/12/21,06:00:00,7,NA,NA
220902_Smp_TN397_S11_1800_U_A,TN397,0.299,-139.8577,4/12/21,18:05:00,7,NA,NA
220902_Smp_TN397_S11_1800_U_B,TN397,0.299,-139.8577,4/12/21,18:05:00,7,NA,NA
220902_Smp_TN397_S11_1800_U_C,TN397,0.299,-139.8577,4/12/21,18:05:00,7,NA,NA
220902_Smp_TN397_U12_A,TN397,-1.06,-140.0009,5/12/21,18:00:00,7,NA,NA
220902_Smp_TN397_U12_B,TN397,-1.06,-140.0009,5/12/21,18:00:00,7,NA,NA
220902_Smp_TN397_U12_C,TN397,-1.06,-140.0009,5/12/21,18:00:00,7,NA,NA
220902_Smp_TN397_S12_800_U_A,TN397,-2.489,-140.01,6/12/21,08:00:00,7,NA,NA
220902_Smp_TN397_S12_800_U_B,TN397,-2.489,-140.01,6/12/21,08:00:00,7,NA,NA
220902_Smp_TN397_S12_800_U_C,TN397,-2.489,-140.01,6/12/21,08:00:00,7,NA,NA
220902_Smp_TN397_S12_800_U_Vit,TN397,-2.489,-140.01,6/12/21,08:00:00,7,NA,NA
220902_Smp_TN397_S12_1800_U_A,TN397,-2.489,-140.01,6/12/21,18:00:00,7,NA,NA
220902_Smp_TN397_S12_1800_U_B,TN397,-2.489,-140.01,6/12/21,18:00:00,7,NA,NA
220902_Smp_TN397_S12_1800_U_C,TN397,-2.489,-140.01,6/12/21,18:00:00,7,NA,NA
220902_Smp_TN397_S12_Blk_A,TN397,-2.489,-140.01,6/12/21,18:00:00,7,NA,NA
220902_Smp_TN397_S12_Blk_B,TN397,-2.489,-140.01,6/12/21,18:00:00,7,NA,NA
220902_Smp_TN397_S12_Blk_C,TN397,-2.489,-140.01,6/12/21,18:00:00,7,NA,NA
220902_Smp_TN397_S12_600_U_A,TN397,-2.249,-140.26,7/12/21,06:06:00,7,NA,NA
220902_Smp_TN397_S12_600_U_B,TN397,-2.249,-140.26,7/12/21,06:06:00,7,NA,NA
220902_Smp_TN397_S12_600_U_C,TN397,-2.249,-140.26,7/12/21,06:06:00,7,NA,NA
220902_Smp_TN397_U13_A,TN397,-1.3236,-140.8926,7/12/21,11:09:00,7,NA,NA
220902_Smp_TN397_U13_B,TN397,-1.3236,-140.8926,7/12/21,11:09:00,7,NA,NA
220902_Smp_TN397_U13_C,TN397,-1.3236,-140.8926,7/12/21,11:09:00,7,NA,NA
220902_Smp_TN397_S13_1800_U_A,TN397,0.01,-141.8458,7/12/21,18:22:00,7,NA,NA
220902_Smp_TN397_S13_1800_U_B,TN397,0.01,-141.8458,7/12/21,18:22:00,7,NA,NA
220902_Smp_TN397_S13_1800_U_C,TN397,0.01,-141.8458,7/12/21,18:22:00,7,NA,NA
220902_Smp_TN397_S14_U_A,TN397,3.5272,-144.4492,9/12/21,06:27:00,7,NA,NA
220902_Smp_TN397_S14_U_B,TN397,3.5272,-144.4492,9/12/21,06:27:00,7,NA,NA
220902_Smp_TN397_S14_U_C,TN397,3.5272,-144.4492,9/12/21,06:27:00,7,NA,NA
220902_Smp_TN397_S15_U_A,TN397,6.4995,-146.652,10/12/21,06:30:00,7,NA,NA
220902_Smp_TN397_S15_U_B,TN397,6.4995,-146.652,10/12/21,06:30:00,7,NA,NA
220902_Smp_TN397_S15_U_C,TN397,6.4995,-146.652,10/12/21,06:30:00,7,NA,NA
220902_Smp_TN397_S16_U_A,TN397,9.2497,-148.6967,11/12/21,06:00:00,7,NA,NA
220902_Smp_TN397_S16_U_B,TN397,9.2497,-148.6967,11/12/21,06:00:00,7,NA,NA
220902_Smp_TN397_S16_U_C,TN397,9.2497,-148.6967,11/12/21,06:00:00,7,NA,NA
220902_Smp_TN397_S17_U_A,TN397,11.92,-150.6948,12/12/21,06:00:00,7,NA,NA
220902_Smp_TN397_S17_U_B,TN397,11.92,-150.6948,12/12/21,06:00:00,7,NA,NA
220902_Smp_TN397_S17_U_C,TN397,11.92,-150.6948,12/12/21,06:00:00,7,NA,NA
220902_Smp_TN397_S18_U_A,TN397,14.772,-152.8644,13/12/2021,06:40:00,7,NA,NA
220902_Smp_TN397_S18_U_B,TN397,14.772,-152.8644,13/12/2022,06:40:00,7,NA,NA
220902_Smp_TN397_S18_U_C,TN397,14.772,-152.8644,13/12/2023,06:40:00,7,NA,NA
220628_Smp_MU1_A,KM1906,22.24,-158,4/10/19,05:30:00,7,NA,NA
220628_Smp_MU1_B,KM1906,22.24,-158,4/10/19,05:30:00,7,NA,NA
220628_Smp_MU1_C,KM1906,22.24,-158,4/10/19,05:30:00,7,NA,NA
220628_Smp_MU2_A,KM1906,24.1,-158,4/10/19,18:40:00,7,NA,NA
220628_Smp_MU2_B,KM1906,24.1,-158,4/10/19,18:40:00,7,NA,NA
220628_Smp_MU2_C,KM1906,24.1,-158,4/10/19,18:40:00,7,NA,NA
220628_Smp_MU3_A,KM1906,25.55,-158,4/11/19,05:45:00,7,NA,NA
220628_Smp_MU3_B,KM1906,25.55,-158,4/11/19,05:45:00,7,NA,NA
220628_Smp_MU3_C,KM1906,25.55,-158,4/11/19,05:45:00,7,NA,NA
220628_Smp_MU4_A,KM1906,27.47,-158,4/11/19,18:40:00,7,NA,NA
220628_Smp_MU4_B,KM1906,27.47,-158,4/11/19,18:40:00,7,NA,NA
220628_Smp_MU4_C,KM1906,27.47,-158,4/11/19,18:40:00,7,NA,NA
220628_Smp_MU5_A,KM1906,29.28,-158,4/12/19,05:40:00,7,NA,NA
220628_Smp_MU5_B,KM1906,29.28,-158,4/12/19,05:40:00,7,NA,NA
220628_Smp_MU5_C,KM1906,29.28,-158,4/12/19,05:40:00,7,NA,NA
220628_Smp_MU6_A,KM1906,31.1,-158,4/12/19,18:20:00,7,NA,NA
220628_Smp_MU6_B,KM1906,31.1,-158,4/12/19,18:20:00,7,NA,NA
220628_Smp_MU6_C,KM1906,31.1,-158,4/12/19,18:20:00,7,NA,NA
220628_Smp_MU7_A,KM1906,32.18,-158,4/13/19,05:45:00,7,NA,NA
220628_Smp_MU7_B,KM1906,32.18,-158,4/13/19,05:45:00,7,NA,NA
220628_Smp_MU7_C,KM1906,32.18,-158,4/13/19,05:45:00,7,NA,NA
220628_Smp_MU8_A,KM1906,34.16,-158,4/13/19,18:45:00,7,NA,NA
220628_Smp_MU8_B,KM1906,34.16,-158,4/13/19,18:45:00,7,NA,NA
220628_Smp_MU8_C,KM1906,34.16,-158,4/13/19,18:45:00,7,NA,NA
220628_Smp_MU9_A,KM1906,35.59,-158,4/14/19,06:00:00,7,NA,NA
220628_Smp_MU9_B,KM1906,35.59,-158,4/14/19,06:00:00,7,NA,NA
220628_Smp_MU9_C,KM1906,35.59,-158,4/14/19,06:00:00,7,NA,NA
220628_Smp_MU10_A,KM1906,36.57,-158,4/14/19,18:20:00,7,NA,NA
220628_Smp_MU10_B,KM1906,36.57,-158,4/14/19,18:20:00,7,NA,NA
220628_Smp_MU10_C,KM1906,36.57,-158,4/14/19,18:20:00,7,NA,NA
220628_Smp_MU11_A,KM1906,38.58,-158,4/15/19,05:30:00,7,NA,NA
220628_Smp_MU11_B,KM1906,38.58,-158,4/15/19,05:30:00,7,NA,NA
220628_Smp_MU11_C,KM1906,38.58,-158,4/15/19,05:30:00,7,NA,NA
220628_Smp_MU12_A,KM1906,37,-158,4/19/19,18:50:00,7,NA,NA
220628_Smp_MU12_B,KM1906,37,-158,4/19/19,18:50:00,7,NA,NA
220628_Smp_MU12_C,KM1906,37,-158,4/19/19,18:50:00,7,NA,NA
220628_Smp_MU13_A,KM1906,33,-158,4/21/19,18:15:00,7,NA,NA
220628_Smp_MU13_B,KM1906,33,-158,4/21/19,18:15:00,7,NA,NA
220628_Smp_MU13_C,KM1906,33,-158,4/21/19,18:15:00,7,NA,NA
220628_Smp_MU14_A,KM1906,37.38,-158,4/23/19,12:00:00,7,NA,NA
220628_Smp_MU14_B,KM1906,37.38,-158,4/23/19,12:00:00,7,NA,NA
220628_Smp_MU14_C,KM1906,37.38,-158,4/23/19,12:00:00,7,NA,NA
220628_Smp_MU15_A,KM1906,38.45,-158,4/23/19,18:25:00,7,NA,NA
220628_Smp_MU15_B,KM1906,38.45,-158,4/23/19,18:25:00,7,NA,NA
220628_Smp_MU15_C,KM1906,38.45,-158,4/23/19,18:25:00,7,NA,NA
220628_Smp_MU16_A,KM1906,40.53,-158,4/24/19,06:00:00,7,NA,NA
220628_Smp_MU16_B,KM1906,40.53,-158,4/24/19,06:00:00,7,NA,NA
220628_Smp_MU16_C,KM1906,40.53,-158,4/24/19,06:00:00,7,NA,NA
220628_Smp_MU17_A,KM1906,42.334,-158,4/24/19,14:20:00,7,NA,NA
220628_Smp_MU17_B,KM1906,42.334,-158,4/24/19,14:20:00,7,NA,NA
220628_Smp_MU17_C,KM1906,42.334,-158,4/24/19,14:20:00,7,NA,NA
220628_Smp_MU18_A,KM1906,42.09,-158,4/24/19,18:30:00,7,NA,NA
220628_Smp_MU18_B,KM1906,42.09,-158,4/24/19,18:30:00,7,NA,NA
220628_Smp_MU18_C,KM1906,42.09,-158,4/24/19,18:30:00,7,NA,NA
220628_Smp_MU19_A,KM1906,40.09,-158,4/25/19,05:40:00,7,NA,NA
220628_Smp_MU19_B,KM1906,40.09,-158,4/25/19,05:40:00,7,NA,NA
220628_Smp_MU19_C,KM1906,40.09,-158,4/25/19,05:40:00,7,NA,NA
220628_Smp_MU20_A,KM1906,37.48,-158,4/25/19,18:24:00,7,NA,NA
220628_Smp_MU20_B,KM1906,37.48,-158,4/25/19,18:24:00,7,NA,NA
220628_Smp_MU20_C,KM1906,37.48,-158,4/25/19,18:24:00,7,NA,NA
220628_Smp_MU21_A,KM1906,35.55,-158,4/26/19,06:00:00,7,NA,NA
220628_Smp_MU21_B,KM1906,35.55,-158,4/26/19,06:00:00,7,NA,NA
220628_Smp_MU21_C,KM1906,35.55,-158,4/26/19,06:00:00,7,NA,NA
220628_Smp_MU22_A,KM1906,34.39,-158,4/26/19,12:00:00,7,NA,NA
220628_Smp_MU22_B,KM1906,34.39,-158,4/26/19,12:00:00,7,NA,NA
220628_Smp_MU22_C,KM1906,34.39,-158,4/26/19,12:00:00,7,NA,NA
220628_Smp_MU23_A,KM1906,33.34,-158,4/26/19,18:30:00,7,NA,NA
220628_Smp_MU23_B,KM1906,33.34,-158,4/26/19,18:30:00,7,NA,NA
220628_Smp_MU23_C,KM1906,33.34,-158,4/26/19,18:30:00,7,NA,NA
220628_Smp_MU24_A,KM1906,31.24,-158,4/27/19,06:00:00,7,NA,NA
220628_Smp_MU24_B,KM1906,31.24,-158,4/27/19,06:00:00,7,NA,NA
220628_Smp_MU24_C,KM1906,31.24,-158,4/27/19,06:00:00,7,NA,NA
220628_Smp_MU25_A,KM1906,30.45,-158,4/27/19,09:00:00,7,NA,NA
220628_Smp_MU25_B,KM1906,30.45,-158,4/27/19,09:00:00,7,NA,NA
221006_Smp_S1_C1_5m_A,RC078,47.98430463414634,-122.61821548780487,6/3/22,16:00:00,1,1,NA
221006_Smp_S1_C1_5m_B,RC078,47.98430463414634,-122.61821548780487,6/3/22,16:00:00,1,1,NA
221006_Smp_S1_C1_5m_C,RC078,47.98430463414634,-122.61821548780487,6/3/22,16:00:00,1,1,NA
221006_Smp_S1_C1_DCM_A,RC078,47.98430463414634,-122.61821548780487,6/3/22,15:25:00,4,1,NA
221006_Smp_S1_C1_DCM_B,RC078,47.98430463414634,-122.61821548780487,6/3/22,15:25:00,4,1,NA
221006_Smp_S1_C1_DCM_C,RC078,47.98430463414634,-122.61821548780487,6/3/22,15:25:00,4,1,NA
221006_Smp_S2_C1_SRF_A,RC078,48.25049676866018,-122.99715497913769,6/3/22,19:30:00,3,2,NA
221006_Smp_S2_C1_SRF_B,RC078,48.25049676866018,-122.99715497913769,6/3/22,19:30:00,3,2,NA
221006_Smp_S2_C1_SRF_C,RC078,48.25049676866018,-122.99715497913769,6/3/22,19:30:00,3,2,NA
221006_Smp_S2_C2_D1_A,RC078,48.25049676866018,-122.99715497913769,6/4/22,06:30:00,135,2,NA
221006_Smp_S2_C2_D1_B,RC078,48.25049676866018,-122.99715497913769,6/4/22,06:30:00,135,2,NA
221006_Smp_S2_C2_D1_C,RC078,48.25049676866018,-122.99715497913769,6/4/22,06:30:00,135,2,NA
221006_Smp_S2_C2_D2_A,RC078,48.25049676866018,-122.99715497913769,6/4/22,06:30:00,65,2,NA
221006_Smp_S2_C2_D2_B,RC078,48.25049676866018,-122.99715497913769,6/4/22,06:30:00,65,2,NA
221006_Smp_S2_C2_D2_C,RC078,48.25049676866018,-122.99715497913769,6/4/22,06:30:00,65,2,NA
221006_Smp_S2_C3_D3_A,RC078,48.25049676866018,-122.99715497913769,6/4/22,08:30:00,45,2,NA
221006_Smp_S2_C3_D3_B,RC078,48.25049676866018,-122.99715497913769,6/4/22,08:30:00,45,2,NA
221006_Smp_S2_C3_D3_C,RC078,48.25049676866018,-122.99715497913769,6/4/22,08:30:00,45,2,NA
221006_Smp_S2_C3_D4_A,RC078,48.25049676866018,-122.99715497913769,6/4/22,08:30:00,30,2,NA
221006_Smp_S2_C3_D4_B,RC078,48.25049676866018,-122.99715497913769,6/4/22,08:30:00,30,2,NA
221006_Smp_S2_C3_D4_C,RC078,48.25049676866018,-122.99715497913769,6/4/22,08:30:00,30,2,NA
221006_Smp_S2_C4_D5_A,RC078,48.25049676866018,-122.99715497913769,6/4/22,10:30:00,15,2,NA
221006_Smp_S2_C4_D5_B,RC078,48.25049676866018,-122.99715497913769,6/4/22,10:30:00,15,2,NA
221006_Smp_S2_C4_D5_C,RC078,48.25049676866018,-122.99715497913769,6/4/22,10:30:00,15,2,NA
221006_Smp_S2_C4_D6_A,RC078,48.25049676866018,-122.99715497913769,6/4/22,10:30:00,4,2,NA
221006_Smp_S2_C4_D6_B,RC078,48.25049676866018,-122.99715497913769,6/4/22,10:30:00,4,2,NA
221006_Smp_S2_C4_D6_C,RC078,48.25049676866018,-122.99715497913769,6/4/22,10:30:00,4,2,NA
221006_Smp_S3_C1_D1_A,RC078,48.49653944927536,-123.1625112173913,6/5/22,09:00:00,230,3,NA
221006_Smp_S3_C1_D1_B,RC078,48.49653944927536,-123.1625112173913,6/5/22,09:00:00,230,3,NA
221006_Smp_S3_C1_D1_C,RC078,48.49653944927536,-123.1625112173913,6/5/22,09:00:00,230,3,NA
221006_Smp_S3_C1_D2_A,RC078,48.49653944927536,-123.1625112173913,6/5/22,09:00:00,100,3,NA
221006_Smp_S3_C1_D2_B,RC078,48.49653944927536,-123.1625112173913,6/5/22,09:00:00,100,3,NA
221006_Smp_S3_C1_D2_C,RC078,48.49653944927536,-123.1625112173913,6/5/22,09:00:00,100,3,NA
221006_Smp_S3_C2_D3_A,RC078,48.49653944927536,-123.1625112173913,6/5/22,11:00:00,10,3,NA
221006_Smp_S3_C2_D3_B,RC078,48.49653944927536,-123.1625112173913,6/5/22,11:00:00,10,3,NA
221006_Smp_S3_C2_D3_C,RC078,48.49653944927536,-123.1625112173913,6/5/22,11:00:00,10,3,NA
221006_Smp_S3_C2_D4_A,RC078,48.49653944927536,-123.1625112173913,6/5/22,11:00:00,4,3,NA
221006_Smp_S3_C2_D4_B,RC078,48.49653944927536,-123.1625112173913,6/5/22,11:00:00,4,3,NA
221006_Smp_S3_C2_D4_C,RC078,48.49653944927536,-123.1625112173913,6/5/22,11:00:00,4,3,NA
221006_Smp_S4_C1_D1_A,RC078,48.82414942791762,-122.8971995194508,6/6/22,16:00:00,0,5,NA
221006_Smp_S4_C1_D1_B,RC078,48.82414942791762,-122.8971995194508,6/6/22,16:00:00,0,5,NA
221006_Smp_S4_C1_D1_C,RC078,48.82414942791762,-122.8971995194508,6/6/22,16:00:00,0,5,NA
221006_Smp_S4_C1_D2_A,RC078,48.82414942791762,-122.8971995194508,6/6/22,16:00:00,0,5,NA
221006_Smp_S4_C1_D2_B,RC078,48.82414942791762,-122.8971995194508,6/6/22,16:00:00,0,5,NA
221006_Smp_S4_C1_D2_C,RC078,48.82414942791762,-122.8971995194508,6/6/22,16:00:00,0,5,NA
221006_Smp_S4_C2_D3_A,RC078,48.82414942791762,-122.8971995194508,6/6/22,16:00:00,0,5,NA
221006_Smp_S4_C2_D3_B,RC078,48.82414942791762,-122.8971995194508,6/6/22,16:00:00,0,5,NA
221006_Smp_S4_C2_D3_C,RC078,48.82414942791762,-122.8971995194508,6/6/22,16:00:00,0,5,NA
221006_Smp_S4_C2_D4_A,RC078,48.82414942791762,-122.8971995194508,6/6/22,16:00:00,0,5,NA
221006_Smp_S4_C2_D4_B,RC078,48.82414942791762,-122.8971995194508,6/6/22,16:00:00,0,5,NA
221006_Smp_S4_C2_D4_C,RC078,48.82414942791762,-122.8971995194508,6/6/22,16:00:00,0,5,NA
221006_Smp_S4_C3_D5_A,RC078,48.82414942791762,-122.8971995194508,NA,NA,0,5,NA
221006_Smp_S4_C3_D5_B,RC078,48.82414942791762,-122.8971995194508,NA,NA,0,5,NA
221006_Smp_S4_C3_D5_C,RC078,48.82414942791762,-122.8971995194508,NA,NA,0,5,NA
221006_Smp_S4_C3_D6_A,RC078,48.82414942791762,-122.8971995194508,NA,NA,0,5,NA
221006_Smp_S4_C3_D6_B,RC078,48.82414942791762,-122.8971995194508,NA,NA,0,5,NA
221006_Smp_S4_C3_D6_C,RC078,48.82414942791762,-122.8971995194508,NA,NA,0,5,NA
221006_Smp_S4_C1_D1_Blk,RC078,48.82414942791762,-122.8971995194508,NA,NA,0,5,NA
221006_Smp_S4_C1_D2_Blk,RC078,48.82414942791762,-122.8971995194508,NA,NA,0,5,NA
221006_Smp_S4_C2_D3_Blk,RC078,48.82414942791762,-122.8971995194508,NA,NA,0,5,NA
221006_Smp_S4_C2_D4_Blk,RC078,48.82414942791762,-122.8971995194508,NA,NA,0,5,NA
221006_Smp_S5_C3_D3_A,RC078,48.82414942791762,-122.8971995194508,6/7/22,10:00:00,4,5,NA
221006_Smp_S5_C3_D3_B,RC078,48.82414942791762,-122.8971995194508,6/7/22,10:00:00,4,5,NA
221006_Smp_S5_C3_D3_C,RC078,48.82414942791762,-122.8971995194508,6/7/22,10:00:00,4,5,NA
221006_Smp_S5_C3_D2_A,RC078,48.82414942791762,-122.8971995194508,6/7/22,10:00:00,9,5,NA
221006_Smp_S5_C3_D2_B,RC078,48.82414942791762,-122.8971995194508,6/7/22,10:00:00,9,5,NA
221006_Smp_S5_C3_D2_C,RC078,48.82414942791762,-122.8971995194508,6/7/22,10:00:00,9,5,NA
221006_Smp_S5_C3_D1_A,RC078,48.82414942791762,-122.8971995194508,6/7/22,10:00:00,30,5,NA
221006_Smp_S5_C3_D1_B,RC078,48.82414942791762,-122.8971995194508,6/7/22,10:00:00,30,5,NA
221006_Smp_S5_C3_D1_C,RC078,48.82414942791762,-122.8971995194508,6/7/22,10:00:00,30,5,NA
221006_Smp_S6_C1_D1_A,RC078,48.24192193430657,-122.5540247810219,6/7/22,17:30:00,8,6,NA
221006_Smp_S6_C1_D1_B,RC078,48.24192193430657,-122.5540247810219,6/7/22,17:30:00,8,6,NA
221006_Smp_S6_C1_D1_C,RC078,48.24192193430657,-122.5540247810219,6/7/22,17:30:00,8,6,NA
221006_Smp_S6_C1_D2_A,RC078,48.24192193430657,-122.5540247810219,6/7/22,17:30:00,4,6,NA
221006_Smp_S6_C1_D2_B,RC078,48.24192193430657,-122.5540247810219,6/7/22,17:30:00,4,6,NA
221006_Smp_S6_C1_D2_C,RC078,48.24192193430657,-122.5540247810219,6/7/22,17:30:00,4,6,NA
221006_Smp_S6_C2_D3_A,RC078,48.24192193430657,-122.5540247810219,6/7/22,19:00:00,50,6,NA
221006_Smp_S6_C2_D3_B,RC078,48.24192193430657,-122.5540247810219,6/7/22,19:00:00,50,6,NA
221006_Smp_S6_C2_D3_C,RC078,48.24192193430657,-122.5540247810219,6/7/22,19:00:00,50,6,NA
221006_Smp_S6_C2_D4_A,RC078,48.24192193430657,-122.5540247810219,6/7/22,19:00:00,28,6,NA
221006_Smp_S6_C2_D4_B,RC078,48.24192193430657,-122.5540247810219,6/7/22,19:00:00,28,6,NA
221006_Smp_S6_C2_D4_C,RC078,48.24192193430657,-122.5540247810219,6/7/22,19:00:00,28,6,NA
221006_Smp_S7_C1_D1_A,RC078,47.82028833522084,-122.46626079275198,6/8/22,08:20:00,156,7,NA
221006_Smp_S7_C1_D1_B,RC078,47.82028833522084,-122.46626079275198,6/8/22,08:20:00,156,7,NA
221006_Smp_S7_C1_D1_C,RC078,47.82028833522084,-122.46626079275198,6/8/22,08:20:00,156,7,NA
221006_Smp_S7_C1_D2_A,RC078,47.82028833522084,-122.46626079275198,6/8/22,08:20:00,90,7,NA
221006_Smp_S7_C1_D2_B,RC078,47.82028833522084,-122.46626079275198,6/8/22,08:20:00,90,7,NA
221006_Smp_S7_C1_D2_C,RC078,47.82028833522084,-122.46626079275198,6/8/22,08:20:00,90,7,NA
221006_Smp_S7_C2_D3_A,RC078,47.82028833522084,-122.46626079275198,6/8/22,08:20:00,30,7,NA
221006_Smp_S7_C2_D3_B,RC078,47.82028833522084,-122.46626079275198,6/8/22,08:20:00,30,7,NA
221006_Smp_S7_C2_D3_C,RC078,47.82028833522084,-122.46626079275198,6/8/22,08:20:00,30,7,NA
221006_Smp_S7_C2_D4_A,RC078,47.82028833522084,-122.46626079275198,6/8/22,08:20:00,15,7,NA
221006_Smp_S7_C2_D4_B,RC078,47.82028833522084,-122.46626079275198,6/8/22,08:20:00,15,7,NA
221006_Smp_S7_C2_D4_C,RC078,47.82028833522084,-122.46626079275198,6/8/22,08:20:00,15,7,NA
221006_Smp_S7_C3_D5_A,RC078,47.82028833522084,-122.46626079275198,6/8/22,08:20:00,6,7,NA
221006_Smp_S7_C3_D5_B,RC078,47.82028833522084,-122.46626079275198,6/8/22,08:20:00,6,7,NA
221006_Smp_S7_C3_D5_C,RC078,47.82028833522084,-122.46626079275198,6/8/22,08:20:00,6,7,NA
221006_Smp_S7_C3_D6_A,RC078,47.82028833522084,-122.46626079275198,6/8/22,08:20:00,3,7,NA
221006_Smp_S7_C3_D6_B,RC078,47.82028833522084,-122.46626079275198,6/8/22,08:20:00,3,7,NA
221006_Smp_S7_C3_D6_C,RC078,47.82028833522084,-122.46626079275198,6/8/22,08:20:00,3,7,NA
221006_Smp_S7_C1_D1_Blk,RC078,47.82028833522084,-122.46626079275198,6/8/22,19:30:00,0,7,NA
221006_Smp_S7_C2_D3_Blk,RC078,47.82028833522084,-122.46626079275198,6/8/22,19:30:00,0,7,NA
221006_Smp_S7_C3_D5_Blk,RC078,47.82028833522084,-122.46626079275198,6/8/22,19:30:00,0,7,NA
221006_Smp_S8_C1_D1_A_4L,RC078,47.557401999999996,-122.4169284137931,6/9/22,19:30:00,0,8,NA
221006_Smp_S8_C1_D2_A,RC078,47.557401999999996,-122.4169284137931,6/10/22,19:30:00,0,8,NA
221006_Smp_S8_C1_D1_A_2L,RC078,47.557401999999996,-122.4169284137931,6/11/22,20:00:00,0,8,NA
221006_Smp_S2_C3_D3_A,RC078,48.49653944927536,-123.1625112173913,6/4/22,08:30:00,45,3,NA
221006_Smp_S2_C3_D3_B,RC078,48.49653944927536,-123.1625112173913,6/4/22,08:30:00,45,3,NA
221006_Smp_S2_C3_D3_C,RC078,48.49653944927536,-123.1625112173913,6/4/22,08:30:00,45,3,NA
221006_Smp_S2_C3_D4_A,RC078,48.49653944927536,-123.1625112173913,6/4/22,08:30:00,30,3,NA
221006_Smp_S2_C3_D4_B,RC078,48.49653944927536,-123.1625112173913,6/4/22,08:30:00,30,3,NA
221006_Smp_S2_C3_D4_C,RC078,48.49653944927536,-123.1625112173913,6/4/22,08:30:00,30,3,NA
221006_Smp_S2_C4_D5_A,RC078,48.663575376344085,-123.10380709677419,6/4/22,10:30:00,15,4,NA
221006_Smp_S2_C4_D5_B,RC078,48.663575376344085,-123.10380709677419,6/4/22,10:30:00,15,4,NA
221006_Smp_S2_C4_D5_C,RC078,48.663575376344085,-123.10380709677419,6/4/22,10:30:00,15,4,NA
221006_Smp_S2_C4_D6_A,RC078,48.663575376344085,-123.10380709677419,6/4/22,10:30:00,4,4,NA
221006_Smp_S2_C4_D6_B,RC078,48.663575376344085,-123.10380709677419,6/4/22,10:30:00,4,4,NA
221006_Smp_S2_C4_D6_C,RC078,48.663575376344085,-123.10380709677419,6/4/22,10:30:00,4,4,NA
221006_Smp_S2_C6_D1_A,RC078,48.82414942791762,-122.8971995194508,NA,NA,4,5,NA
221006_Smp_S2_C6_D1_B,RC078,48.82414942791762,-122.8971995194508,NA,NA,4,5,NA
221006_Smp_S2_C6_D1_C,RC078,48.82414942791762,-122.8971995194508,NA,NA,4,5,NA
221006_Smp_S5_C1_D1_A,RC078,48.82414942791762,-122.8971995194508,NA,NA,120,5,NA
221006_Smp_S5_C1_D1_B,RC078,48.82414942791762,-122.8971995194508,NA,NA,120,5,NA
221006_Smp_S5_C1_D1_C,RC078,48.82414942791762,-122.8971995194508,NA,NA,120,5,NA
221006_Smp_S5_C1_D2_A,RC078,48.82414942791762,-122.8971995194508,NA,NA,30,5,NA
221006_Smp_S5_C1_D2_B,RC078,48.82414942791762,-122.8971995194508,NA,NA,30,5,NA
221006_Smp_S5_C1_D2_C,RC078,48.82414942791762,-122.8971995194508,NA,NA,30,5,NA
221006_Smp_S5_C2_D3_A,RC078,48.82414942791762,-122.8971995194508,NA,NA,12,5,NA
221006_Smp_S5_C2_D3_B,RC078,48.82414942791762,-122.8971995194508,NA,NA,12,5,NA
221006_Smp_S5_C2_D3_C,RC078,48.82414942791762,-122.8971995194508,NA,NA,12,5,NA
221006_Smp_S5_C2_D4_A,RC078,48.82414942791762,-122.8971995194508,NA,NA,4,5,NA
221006_Smp_S5_C2_D4_B,RC078,48.82414942791762,-122.8971995194508,NA,NA,4,5,NA
221006_Smp_S5_C2_D4_C,RC078,48.82414942791762,-122.8971995194508,NA,NA,4,5,NA
221006_Smp_S5_Uway_A,RC078,48.82414942791762,-122.8971995194508,NA,NA,2,5,NA
221006_Smp_S5_Uway_B,RC078,48.82414942791762,-122.8971995194508,NA,NA,2,5,NA
221006_Smp_S5_Uway_C,RC078,48.82414942791762,-122.8971995194508,NA,NA,2,5,NA
221006_Smp_S6_C2_D4_A,RC078,48.24192193430657,-122.5540247810219,6/7/22,19:00:00,25,6,NA
221006_Smp_S6_C2_D4_B,RC078,48.24192193430657,-122.5540247810219,6/7/22,19:00:00,25,6,NA
221006_Smp_S6_C2_D4_C,RC078,48.24192193430657,-122.5540247810219,6/7/22,19:00:00,25,6,NA
221006_Smp_S1-C1-5M-A,RC078,47.98430463414634,-122.61821548780487,NA,NA,1,1,NA
221006_Smp_S1-C1-5M-B,RC078,47.98430463414634,-122.61821548780487,NA,NA,1,1,NA
221006_Smp_S1-C1-5M-C,RC078,47.98430463414634,-122.61821548780487,NA,NA,1,1,NA
221006_Smp_S1-C1-DCM-A,RC078,47.98430463414634,-122.61821548780487,NA,NA,4,1,NA
221006_Smp_S1-C1-DCM-B,RC078,47.98430463414634,-122.61821548780487,NA,NA,4,1,NA
221006_Smp_S1-C1-DCM-C,RC078,47.98430463414634,-122.61821548780487,NA,NA,4,1,NA
221006_Smp_S2-C1-SRF-A,RC078,48.25049676866018,-122.99715497913769,NA,NA,3,2,NA
221006_Smp_S2-C1-SRF-B,RC078,48.25049676866018,-122.99715497913769,NA,NA,3,2,NA
221006_Smp_S2-C1-SRF-C,RC078,48.25049676866018,-122.99715497913769,NA,NA,3,2,NA
221006_Smp_S2-C2-D1-A,RC078,48.25049676866018,-122.99715497913769,NA,NA,135,2,NA
221006_Smp_S2-C2-D1-B,RC078,48.25049676866018,-122.99715497913769,NA,NA,135,2,NA
221006_Smp_S2-C2-D1-C,RC078,48.25049676866018,-122.99715497913769,NA,NA,135,2,NA
221006_Smp_S2-C2-D2-A,RC078,48.25049676866018,-122.99715497913769,NA,NA,65,2,NA
221006_Smp_S2-C2-D2-B,RC078,48.25049676866018,-122.99715497913769,NA,NA,65,2,NA
221006_Smp_S2-C2-D2-C,RC078,48.25049676866018,-122.99715497913769,NA,NA,65,2,NA
221006_Smp_S2-C3-D3-A,RC078,48.25049676866018,-122.99715497913769,NA,NA,45,2,NA
221006_Smp_S2-C3-D3-B,RC078,48.25049676866018,-122.99715497913769,NA,NA,45,2,NA
221006_Smp_S2-C3-D3-C,RC078,48.25049676866018,-122.99715497913769,NA,NA,45,2,NA
221006_Smp_S2-C3-D4-A,RC078,48.25049676866018,-122.99715497913769,NA,NA,30,2,NA
221006_Smp_S2-C3-D4-B,RC078,48.25049676866018,-122.99715497913769,NA,NA,30,2,NA
221006_Smp_S2-C3-D4-C,RC078,48.25049676866018,-122.99715497913769,NA,NA,30,2,NA
221006_Smp_S2-C4-D5-A,RC078,48.25049676866018,-122.99715497913769,NA,NA,15,2,NA
221006_Smp_S2-C4-D5-B,RC078,48.25049676866018,-122.99715497913769,NA,NA,15,2,NA
221006_Smp_S2-C4-D5-C,RC078,48.25049676866018,-122.99715497913769,NA,NA,15,2,NA
221006_Smp_S2-C4-D6-A,RC078,48.25049676866018,-122.99715497913769,NA,NA,4,2,NA
221006_Smp_S2-C4-D6-B,RC078,48.25049676866018,-122.99715497913769,NA,NA,4,2,NA
221006_Smp_S2-C4-D6-C,RC078,48.25049676866018,-122.99715497913769,NA,NA,4,2,NA
221006_Smp_S2-C6-D1-A,RC078,48.25049676866018,-122.99715497913769,NA,NA,4,2,NA
221006_Smp_S2-C6-D1-B,RC078,48.25049676866018,-122.99715497913769,NA,NA,4,2,NA
221006_Smp_S2_C6_D1_C,RC078,48.25049676866018,-122.99715497913769,NA,NA,4,2,NA
221006_Smp_S2_C8_D1_A,RC078,48.25049676866018,-122.99715497913769,NA,NA,10,2,NA
221006_Smp_S2_C8_D1_B,RC078,48.25049676866018,-122.99715497913769,NA,NA,10,2,NA
221006_Smp_S2_C8_D1_C,RC078,48.25049676866018,-122.99715497913769,NA,NA,10,2,NA
221006_Smp_S2_C6_D1_A,RC078,48.25049676866018,-122.99715497913769,NA,NA,4,2,NA
221006_Smp_S2_C6_D1_B,RC078,48.25049676866018,-122.99715497913769,NA,NA,4,2,NA
221006_Smp_S2_C9_D1_A,RC078,48.25049676866018,-122.99715497913769,NA,NA,10,2,NA
221006_Smp_S2_C9_D1_B,RC078,48.25049676866018,-122.99715497913769,NA,NA,10,2,NA
221006_Smp_S2_C9_D1_C,RC078,48.25049676866018,-122.99715497913769,NA,NA,10,2,NA
221006_Smp_S5_Uway_A,RC078,48.82414942791762,-122.8971995194508,NA,NA,0,5,NA
221006_Smp_S5_Uway_B,RC078,48.82414942791762,-122.8971995194508,NA,NA,0,5,NA
221006_Smp_S5_Uway_C,RC078,48.82414942791762,-122.8971995194508,NA,NA,0,5,NA
221006_Smp_S1_C1_5M_A,RC078,47.98430463414634,-122.61821548780487,NA,NA,1,1,NA
221006_Smp_S1_C1_5M_B,RC078,47.98430463414634,-122.61821548780487,NA,NA,1,1,NA
221006_Smp_S1_C1_5M_C,RC078,47.98430463414634,-122.61821548780487,NA,NA,1,1,NA
221006_Smp_UKH1_A,RC078,48.25049676866018,-122.99715497913769,NA,NA,0,2,NA
221006_Smp_UKH1_B,RC078,48.25049676866018,-122.99715497913769,NA,NA,0,2,NA
221006_Smp_UKH1_C,RC078,48.25049676866018,-122.99715497913769,NA,NA,0,2,NA
221006_Smp_SynLys_A,RC078,48.25049676866018,-122.99715497913769,NA,NA,4,2,NA
221006_Smp_SynLys_B,RC078,48.25049676866018,-122.99715497913769,NA,NA,4,2,NA
221006_Smp_SynLys_C,RC078,48.25049676866018,-122.99715497913769,NA,NA,4,2,NA
221006_Smp_UKT1_OnM_A,RC078,48.25049676866018,-122.99715497913769,NA,NA,0,2,NA
221006_Smp_UKT1_OnM_B,RC078,48.25049676866018,-122.99715497913769,NA,NA,0,2,NA
221006_Smp_UKT1_OnM_C,RC078,48.25049676866018,-122.99715497913769,NA,NA,0,2,NA
221006_Smp_S2_C8_A,RC078,48.25049676866018,-122.99715497913769,NA,NA,10,2,NA
221006_Smp_S2_C8_B,RC078,48.25049676866018,-122.99715497913769,NA,NA,10,2,NA
221006_Smp_S2_C8_C,RC078,48.25049676866018,-122.99715497913769,NA,NA,10,2,NA
221006_Smp_S7_C1_D1_A,RC078,47.82028833522084,-122.46626079275198,6/8/22,08:20:00,0,7,NA
221006_Smp_S7_C1_D1_B,RC078,47.82028833522084,-122.46626079275198,6/8/22,08:20:00,0,7,NA
221006_Smp_S7_C1_D1_C,RC078,47.82028833522084,-122.46626079275198,6/8/22,08:20:00,0,7,NA
221006_Smp_S7_C1_D2_A,RC078,47.82028833522084,-122.46626079275198,6/8/22,08:20:00,0,7,NA
221006_Smp_S7_C1_D2_B,RC078,47.82028833522084,-122.46626079275198,6/8/22,08:20:00,0,7,NA
221006_Smp_S7_C1_D2_C,RC078,47.82028833522084,-122.46626079275198,6/8/22,08:20:00,0,7,NA
221006_Smp_S7_C2_D3_A,RC078,47.82028833522084,-122.46626079275198,6/8/22,08:20:00,0,7,NA
221006_Smp_S7_C2_D3_B,RC078,47.82028833522084,-122.46626079275198,6/8/22,08:20:00,0,7,NA
221006_Smp_S7_C2_D3_C,RC078,47.82028833522084,-122.46626079275198,6/8/22,08:20:00,0,7,NA
221006_Smp_S7_C2_D4_A,RC078,47.82028833522084,-122.46626079275198,6/8/22,08:20:00,0,7,NA
221006_Smp_S7_C2_D4_B,RC078,47.82028833522084,-122.46626079275198,6/8/22,08:20:00,0,7,NA
221006_Smp_S7_C2_D4_C,RC078,47.82028833522084,-122.46626079275198,6/8/22,08:20:00,0,7,NA
221006_Smp_S7_C3_D5_A,RC078,47.82028833522084,-122.46626079275198,6/8/22,08:20:00,0,7,NA
221006_Smp_S7_C3_D5_B,RC078,47.82028833522084,-122.46626079275198,6/8/22,08:20:00,0,7,NA
221006_Smp_S7_C3_D5_C,RC078,47.82028833522084,-122.46626079275198,6/8/22,08:20:00,0,7,NA
221006_Smp_S7_C3_D6_A,RC078,47.82028833522084,-122.46626079275198,6/8/22,08:20:00,0,7,NA
221006_Smp_S7_C3_D6_B,RC078,47.82028833522084,-122.46626079275198,6/8/22,08:20:00,0,7,NA
221006_Smp_S7_C3_D6_C,RC078,47.82028833522084,-122.46626079275198,6/8/22,08:20:00,0,7,NA
230213_Blk_Blk-TfinalC_1,PERIFIX,21.0892,-158.0743,9/4/21,NA,15,NA,C
230213_Blk_Blk-TfinalF_1,PERIFIX,21.0892,-158.0743,9/4/21,NA,15,NA,F
230213_Blk_Blk-TfinalN_1,PERIFIX,21.0892,-158.0743,9/4/21,NA,15,NA,N
230213_Blk_Blk-TfinalNF_1,PERIFIX,21.0892,-158.0743,9/4/21,NA,15,NA,NF
230213_Blk_Blk-TfinalNP_1,PERIFIX,21.0892,-158.0743,9/4/21,NA,15,NA,P
230213_Blk_Blk-TfinalNPF_1,PERIFIX,21.0892,-158.0743,9/4/21,NA,15,NA,NPF
230213_Blk_Blk-TfinalP_1,PERIFIX,21.0892,-158.0743,9/4/21,NA,15,NA,P
230213_Blk_Blk-TfinalPF_1,PERIFIX,21.0892,-158.0743,9/4/21,NA,15,NA,PF
230213_Smp_T0Tote_1,PERIFIX,21.0892,-158.0743,8/9/21,21:00:00,15,NA,Tote
230213_Smp_T0Tote_2,PERIFIX,21.0892,-158.0743,8/9/21,21:00:00,15,NA,Tote
230213_Smp_T0Tote_3,PERIFIX,21.0892,-158.0743,8/9/21,21:00:00,15,NA,Tote
230213_Smp_T0Tote_4,PERIFIX,21.0892,-158.0743,8/9/21,21:00:00,15,NA,Tote
230213_Smp_TfinalC_1,PERIFIX,21.0892,-158.0743,9/7/21,18:45:00,15,NA,C
230213_Smp_TfinalC_2,PERIFIX,21.0892,-158.0743,9/7/21,18:45:00,15,NA,C
230213_Smp_TfinalC_3,PERIFIX,21.0892,-158.0743,9/7/21,18:45:00,15,NA,C
230213_Smp_TfinalF_1,PERIFIX,21.0892,-158.0743,9/7/21,18:45:00,15,NA,F
230213_Smp_TfinalF_2,PERIFIX,21.0892,-158.0743,9/7/21,18:45:00,15,NA,F
230213_Smp_TfinalF_3,PERIFIX,21.0892,-158.0743,9/7/21,18:45:00,15,NA,F
230213_Smp_TfinalN_1,PERIFIX,21.0892,-158.0743,9/7/21,18:45:00,15,NA,N
230213_Smp_TfinalN_2,PERIFIX,21.0892,-158.0743,9/7/21,18:45:00,15,NA,N
230213_Smp_TfinalN_3,PERIFIX,21.0892,-158.0743,9/7/21,18:45:00,15,NA,N
230213_Smp_TfinalNF_1,PERIFIX,21.0892,-158.0743,9/7/21,18:45:00,15,NA,NF
230213_Smp_TfinalNF_2,PERIFIX,21.0892,-158.0743,9/7/21,18:45:00,15,NA,NF
230213_Smp_TfinalNF_3,PERIFIX,21.0892,-158.0743,9/7/21,18:45:00,15,NA,NF
230213_Smp_TfinalNP_1,PERIFIX,21.0892,-158.0743,9/7/21,18:45:00,15,NA,NP
230213_Smp_TfinalNP_2,PERIFIX,21.0892,-158.0743,9/7/21,18:45:00,15,NA,NP
230213_Smp_TfinalNP_3,PERIFIX,21.0892,-158.0743,9/7/21,18:45:00,15,NA,NP
230213_Smp_TfinalNPF_1,PERIFIX,21.0892,-158.0743,9/7/21,18:45:00,15,NA,NPF
230213_Smp_TfinalNPF_2,PERIFIX,21.0892,-158.0743,9/7/21,18:45:00,15,NA,NPF
230213_Smp_TfinalNPF_3,PERIFIX,21.0892,-158.0743,9/7/21,18:45:00,15,NA,NPF
230213_Smp_TfinalP_1,PERIFIX,21.0892,-158.0743,9/7/21,18:45:00,15,NA,P
230213_Smp_TfinalP_2,PERIFIX,21.0892,-158.0743,9/7/21,18:45:00,15,NA,P
230213_Smp_TfinalP_3,PERIFIX,21.0892,-158.0743,9/7/21,18:45:00,15,NA,P
230213_Smp_TfinalPF_1,PERIFIX,21.0892,-158.0743,9/7/21,18:45:00,15,NA,PF
230213_Smp_TfinalPF_2,PERIFIX,21.0892,-158.0743,9/7/21,18:45:00,15,NA,PF
230213_Smp_TfinalPF_3,PERIFIX,21.0892,-158.0743,9/7/21,18:45:00,15,NA,PF
240801_Blk_TN397_S4_500m_Blk,G4_DepthProfiles,19.6377,-138.6154,11/25/21,07:00:00,500,4,NA
240801_Blk_TN397_S4_200m_Blk,G4_DepthProfiles,19.6377,-138.6154,11/25/21,07:00:00,200,4,NA
240801_Smp_TN397_S1_DCM_A,G4_DepthProfiles,28.26177,-124.24168,11/20/21,14:30:00,90,1,NA
240801_Smp_TN397_S1_DCM_B,G4_DepthProfiles,28.26177,-124.24168,11/20/21,14:30:00,90,1,NA
240801_Smp_TN397_S1_DCM_C,G4_DepthProfiles,28.26177,-124.24168,11/20/21,14:30:00,90,1,NA
240801_Smp_TN397_S4_15m_A,G4_DepthProfiles,19.6377,-138.6154,11/25/21,07:00:00,15,4,NA
240801_Smp_TN397_S4_15m_B,G4_DepthProfiles,19.6377,-138.6154,11/25/21,07:00:00,15,4,NA
240801_Smp_TN397_S4_45m_A,G4_DepthProfiles,19.6377,-138.6154,11/25/21,07:00:00,45,4,NA
240801_Smp_TN397_S4_45m_B,G4_DepthProfiles,19.6377,-138.6154,11/25/21,07:00:00,45,4,NA
240801_Smp_TN397_S4_200m_A,G4_DepthProfiles,19.6377,-138.6154,11/25/21,07:00:00,200,4,NA
240801_Smp_TN397_S4_200m_B,G4_DepthProfiles,19.6377,-138.6154,11/25/21,07:00:00,200,4,NA
240801_Smp_TN397_S4_500m_A,G4_DepthProfiles,19.6377,-138.6154,11/25/21,07:00:00,500,4,NA
240801_Smp_TN397_S4_1000m_A,G4_DepthProfiles,19.6377,-138.6154,11/25/21,07:00:00,1000,4,NA
240801_Smp_TN397_S4_DCM_A,G4_DepthProfiles,19.6377,-138.6154,11/25/21,07:00:00,105,4,NA
240801_Smp_TN397_S4_DCM_B,G4_DepthProfiles,19.6377,-138.6154,11/25/21,07:00:00,105,4,NA
240801_Smp_TN397_S4_DCM+50_A,G4_DepthProfiles,19.6377,-138.6154,11/25/21,07:00:00,150,4,NA
240801_Smp_TN397_S4_DCM+50_B,G4_DepthProfiles,19.6377,-138.6154,11/25/21,07:00:00,150,4,NA
240801_Smp_TN397_S6_DCM_A,G4_DepthProfiles,13.9478,-140.0016,11/27/21,08:00:00,85,6,NA
240801_Smp_TN397_S6_DCM_B,G4_DepthProfiles,13.9478,-140.0016,11/27/21,08:00:00,85,6,NA
240801_Smp_TN397_S6_DCM_C,G4_DepthProfiles,13.9478,-140.0016,11/27/21,08:00:00,85,6,NA
240801_Smp_TN397_S7_15m_A,G4_DepthProfiles,10.6974,-139.998,11/29/21,07:00:00,15,7,NA
240801_Smp_TN397_S7_15m_B,G4_DepthProfiles,10.6974,-139.998,11/29/21,07:00:00,15,7,NA
240801_Smp_TN397_S7_30m_A,G4_DepthProfiles,10.6974,-139.998,11/29/21,07:00:00,30,7,NA
240801_Smp_TN397_S7_30m_B,G4_DepthProfiles,10.6974,-139.998,11/29/21,07:00:00,30,7,NA
240801_Smp_TN397_S7_200m_A,G4_DepthProfiles,10.6974,-139.998,11/29/21,07:00:00,200,7,NA
240801_Smp_TN397_S7_200m_B,G4_DepthProfiles,10.6974,-139.998,11/29/21,07:00:00,200,7,NA
240801_Smp_TN397_S7_500m_B,G4_DepthProfiles,10.6974,-139.998,11/29/21,07:00:00,500,7,NA
240801_Smp_TN397_S7_1000m_B,G4_DepthProfiles,10.6974,-139.998,11/29/21,07:00:00,1000,7,NA
240801_Smp_TN397_S7_DCM_A,G4_DepthProfiles,10.6974,-139.998,11/29/21,07:00:00,45,7,NA
240801_Smp_TN397_S7_DCM_B,G4_DepthProfiles,10.6974,-139.998,11/29/21,07:00:00,45,7,NA
240801_Smp_TN397_S7_DCM+50_A,G4_DepthProfiles,10.6974,-139.998,11/29/21,07:00:00,95,7,NA
240801_Smp_TN397_S7_DCM+50_B,G4_DepthProfiles,10.6974,-139.998,11/29/21,07:00:00,95,7,NA
240801_Smp_TN397_S9_15m_A,G4_DepthProfiles,4.7746,-139.9099,12/2/21,06:00:00,15,9,NA
240801_Smp_TN397_S9_15m_B,G4_DepthProfiles,4.7746,-139.9099,12/2/21,06:00:00,15,9,NA
240801_Smp_TN397_S9_45m_A,G4_DepthProfiles,4.7746,-139.9099,12/2/21,06:00:00,45,9,NA
240801_Smp_TN397_S9_45m_B,G4_DepthProfiles,4.7746,-139.9099,12/2/21,06:00:00,45,9,NA
240801_Smp_TN397_S9_200m_A,G4_DepthProfiles,4.7746,-139.9099,12/2/21,06:00:00,200,9,NA
240801_Smp_TN397_S9_200m_B,G4_DepthProfiles,4.7746,-139.9099,12/2/21,06:00:00,200,9,NA
240801_Smp_TN397_S9_500m_A,G4_DepthProfiles,4.7746,-139.9099,12/2/21,06:00:00,500,9,NA
240801_Smp_TN397_S9_1000m_B,G4_DepthProfiles,4.7746,-139.9099,12/2/21,06:00:00,1000,9,NA
240801_Smp_TN397_S9_DCM_A,G4_DepthProfiles,4.7746,-139.9099,12/2/21,06:00:00,80,9,NA
240801_Smp_TN397_S9_DCM_B,G4_DepthProfiles,4.7746,-139.9099,12/2/21,06:00:00,80,9,NA
240801_Smp_TN397_S9_DCM+50_A,G4_DepthProfiles,4.7746,-139.9099,12/2/21,06:00:00,130,9,NA
240801_Smp_TN397_S9_DCM+50_B,G4_DepthProfiles,4.7746,-139.9099,12/2/21,06:00:00,130,9,NA
240801_Smp_TN397_S10_60m_A,G4_DepthProfiles,1.1248,-140.0051,12/3/21,08:00:00,60,10,NA
240801_Smp_TN397_S10_60m_B,G4_DepthProfiles,1.1248,-140.0051,12/3/21,08:00:00,60,10,NA
240801_Smp_TN397_S10_DCM_A,G4_DepthProfiles,1.1248,-140.0051,12/3/21,08:00:00,105,10,NA
240801_Smp_TN397_S10_DCM_B,G4_DepthProfiles,1.1248,-140.0051,12/3/21,08:00:00,105,10,NA
240801_Smp_TN397_S10_DCM_C,G4_DepthProfiles,1.1248,-140.0051,12/3/21,08:00:00,105,10,NA
240801_Smp_TN397_S11_15m_A,G4_DepthProfiles,0.1459,-139.9081,12/4/21,10:00:00,15,11,NA
240801_Smp_TN397_S11_15m_B,G4_DepthProfiles,0.1459,-139.9081,12/4/21,10:00:00,15,11,NA
240801_Smp_TN397_S11_45m_A,G4_DepthProfiles,0.1459,-139.9081,12/4/21,10:00:00,50,11,NA
240801_Smp_TN397_S11_45m_B,G4_DepthProfiles,0.1459,-139.9081,12/4/21,10:00:00,50,11,NA
240801_Smp_TN397_S11_200m_A,G4_DepthProfiles,0.1459,-139.9081,12/4/21,10:00:00,200,11,NA
240801_Smp_TN397_S11_500m_A,G4_DepthProfiles,0.1459,-139.9081,12/4/21,10:00:00,500,11,NA
240801_Smp_TN397_S11_1000m_A,G4_DepthProfiles,0.1459,-139.9081,12/4/21,10:00:00,1000,11,NA
240801_Smp_TN397_S11_DCM_A,G4_DepthProfiles,0.1459,-139.9081,12/4/21,10:00:00,70,11,NA
240801_Smp_TN397_S11_DCM_B,G4_DepthProfiles,0.1459,-139.9081,12/4/21,10:00:00,70,11,NA
240801_Smp_TN397_S11_DCM+50_A,G4_DepthProfiles,0.1459,-139.9081,12/4/21,10:00:00,120,11,NA
240801_Smp_TN397_S11_DCM+50_B,G4_DepthProfiles,0.1459,-139.9081,12/4/21,10:00:00,120,11,NA
240801_Smp_TN397_S12_15m_A,G4_DepthProfiles,-2.489,-140.01,12/6/21,17:20:00,15,12,NA
240801_Smp_TN397_S12_15m_B,G4_DepthProfiles,-2.489,-140.01,12/6/21,17:20:00,15,12,NA
240801_Smp_TN397_S12_DCM_A,G4_DepthProfiles,-2.489,-140.01,12/6/21,07:00:00,95,12,NA
240801_Smp_TN397_S12_DCM_B,G4_DepthProfiles,-2.489,-140.01,12/6/21,07:00:00,95,12,NA
240801_Smp_TN397_S12_DCM+50_A,G4_DepthProfiles,-2.489,-140.01,12/6/21,07:00:00,145,12,NA
240801_Smp_TN397_S12_DCM+50_B,G4_DepthProfiles,-2.489,-140.01,12/6/21,07:00:00,145,12,NA
240801_Smp_TN397_S13_15m_A,G4_DepthProfiles,0.1251,-141.918,12/7/21,07:00:00,15,13,NA
240801_Smp_TN397_S13_15m_B,G4_DepthProfiles,0.1251,-141.918,12/7/21,07:00:00,15,13,NA
240801_Smp_TN397_S13_DCM_A,G4_DepthProfiles,0.1251,-141.918,12/7/21,07:00:00,45,13,NA
240801_Smp_TN397_S13_DCM_B,G4_DepthProfiles,0.1251,-141.918,12/7/21,07:00:00,45,13,NA
240801_Smp_TN397_S14_DCM_A,G4_DepthProfiles,3.5272,-144.4492,12/9/21,08:30:00,75,14,NA
240801_Smp_TN397_S14_DCM_B,G4_DepthProfiles,3.5272,-144.4492,12/9/21,08:30:00,75,14,NA
240801_Smp_TN397_S14_DCM_C,G4_DepthProfiles,3.5272,-144.4492,12/9/21,08:30:00,75,14,NA
240801_Smp_TN397_S15_DCM_A,G4_DepthProfiles,6.4995,-146.652,12/10/21,08:30:00,100,15,NA
240801_Smp_TN397_S15_DCM_B,G4_DepthProfiles,6.4995,-146.652,12/10/21,08:30:00,100,15,NA
240801_Smp_TN397_S15_DCM_C,G4_DepthProfiles,6.4995,-146.652,12/10/21,08:30:00,100,15,NA
240801_Smp_TN397_S16_DCM_A,G4_DepthProfiles,9.2497,-148.6967,12/11/21,09:00:00,85,16,NA
240801_Smp_TN397_S16_DCM_B,G4_DepthProfiles,9.2497,-148.6967,12/11/21,09:00:00,85,16,NA
240801_Smp_TN397_S16_DCM_C,G4_DepthProfiles,9.2497,-148.6967,12/11/21,09:00:00,85,16,NA
240801_Smp_TN397_S17_DCM_A,G4_DepthProfiles,11.92,-150.6948,12/12/21,08:30:00,70,17,NA
240801_Smp_TN397_S17_DCM_B,G4_DepthProfiles,11.92,-150.6948,12/12/21,08:30:00,70,17,NA
240801_Smp_TN397_S17_DCM_C,G4_DepthProfiles,11.92,-150.6948,12/12/21,08:30:00,70,17,NA
240801_Smp_TN397_S18_DCM_A,G4_DepthProfiles,14.772,-152.8644,12/13/21,08:30:00,105,18,NA
240801_Smp_TN397_S18_DCM_B,G4_DepthProfiles,14.772,-152.8644,12/13/21,08:30:00,105,18,NA
240801_Smp_TN397_S18_DCM_C,G4_DepthProfiles,14.772,-152.8644,12/13/21,08:30:00,105,18,NA
190715_Smp_KM1906S4C27D40_A,G3_DepthProfiles,41.4,-158,4/18/19,13:00:00,40,4,NA
190715_Smp_KM1906S4C27D40_B,G3_DepthProfiles,41.4,-158,4/18/19,13:00:00,40,4,NA
190715_Smp_KM1906S4C27D40_C,G3_DepthProfiles,41.4,-158,4/18/19,13:00:00,40,4,NA
190715_Smp_KM1906S4C27D70_A,G3_DepthProfiles,41.4,-158,4/18/19,13:00:00,70,4,NA
190715_Smp_KM1906S4C27D70_B,G3_DepthProfiles,41.4,-158,4/18/19,13:00:00,70,4,NA
190715_Smp_KM1906S4C27D70_C,G3_DepthProfiles,41.4,-158,4/18/19,13:00:00,70,4,NA
190715_Smp_KM1906S4C27D125_A,G3_DepthProfiles,41.4,-158,4/18/19,13:00:00,125,4,NA
190715_Smp_KM1906S4C27D125_B,G3_DepthProfiles,41.4,-158,4/18/19,13:00:00,125,4,NA
190715_Smp_KM1906S4C27D125_C,G3_DepthProfiles,41.4,-158,4/18/19,13:00:00,125,4,NA
190715_Smp_KM1906S4C27D300_A,G3_DepthProfiles,41.4,-158,4/18/19,13:00:00,300,4,NA
190715_Smp_KM1906S4C27D300_B,G3_DepthProfiles,41.4,-158,4/18/19,13:00:00,300,4,NA
190715_Smp_KM1906S4C27D300_C,G3_DepthProfiles,41.4,-158,4/18/19,13:00:00,300,4,NA
190715_Smp_KM1906S4C27D500_A,G3_DepthProfiles,41.4,-158,4/18/19,13:00:00,500,4,NA
190715_Smp_KM1906S4C27D500_B,G3_DepthProfiles,41.4,-158,4/18/19,13:00:00,500,4,NA
190715_Smp_KM1906S4C27D500_C,G3_DepthProfiles,41.4,-158,4/18/19,13:00:00,500,4,NA
190715_Smp_KM1906S4C28D15_A,G3_DepthProfiles,41.4,-158,4/18/19,13:00:00,15,4,NA
190715_Smp_KM1906S4C28D15_B,G3_DepthProfiles,41.4,-158,4/18/19,13:00:00,15,4,NA
190715_Smp_KM1906S4C28D15_C,G3_DepthProfiles,41.4,-158,4/18/19,13:00:00,15,4,NA
190715_Smp_KM1906S5C3D80_A,G3_DepthProfiles,37,-158,4/19/19,20:00:00,80,5,NA
190715_Smp_KM1906S5C3D80_B,G3_DepthProfiles,37,-158,4/19/19,20:00:00,80,5,NA
190715_Smp_KM1906S5C3D80_C,G3_DepthProfiles,37,-158,4/19/19,20:00:00,80,5,NA
190715_Smp_KM1906S5C3D125_A,G3_DepthProfiles,37,-158,4/19/19,20:00:00,125,5,NA
190715_Smp_KM1906S5C3D125_B,G3_DepthProfiles,37,-158,4/19/19,20:00:00,125,5,NA
190715_Smp_KM1906S5C3D125_C,G3_DepthProfiles,37,-158,4/19/19,20:00:00,125,5,NA
190715_Smp_KM1906S5C3D200_A,G3_DepthProfiles,37,-158,4/19/19,20:00:00,200,5,NA
190715_Smp_KM1906S5C3D200_B,G3_DepthProfiles,37,-158,4/19/19,20:00:00,200,5,NA
190715_Smp_KM1906S5C3D200_C,G3_DepthProfiles,37,-158,4/19/19,20:00:00,200,5,NA
190715_Smp_KM1906S5C3D400_A,G3_DepthProfiles,37,-158,4/19/19,20:00:00,400,5,NA
190715_Smp_KM1906S5C3D400_B,G3_DepthProfiles,37,-158,4/19/19,20:00:00,400,5,NA
190715_Smp_KM1906S5C3D400_C,G3_DepthProfiles,37,-158,4/19/19,20:00:00,400,5,NA
190715_Smp_KM1906S5C3D1000_A,G3_DepthProfiles,37,-158,4/19/19,20:00:00,1000,5,NA
190715_Smp_KM1906S5C3D1000_B,G3_DepthProfiles,37,-158,4/19/19,20:00:00,1000,5,NA
190715_Smp_KM1906S5C3D1000_C,G3_DepthProfiles,37,-158,4/19/19,20:00:00,1000,5,NA
190715_Smp_KM1906S6C3D75_A,G3_DepthProfiles,33,-158,4/21/19,19:00:00,75,6,NA
190715_Smp_KM1906S6C3D75_B,G3_DepthProfiles,33,-158,4/21/19,19:00:00,75,6,NA
190715_Smp_KM1906S6C3D75_C,G3_DepthProfiles,33,-158,4/21/19,19:00:00,75,6,NA
190715_Smp_KM1906S6C3D115_A,G3_DepthProfiles,33,-158,4/21/19,19:00:00,115,6,NA
190715_Smp_KM1906S6C3D115_B,G3_DepthProfiles,33,-158,4/21/19,19:00:00,115,6,NA
190715_Smp_KM1906S6C3D115_C,G3_DepthProfiles,33,-158,4/21/19,19:00:00,115,6,NA
190715_Smp_KM1906S6C3D200_A,G3_DepthProfiles,33,-158,4/21/19,19:00:00,200,6,NA
190715_Smp_KM1906S6C3D200_B,G3_DepthProfiles,33,-158,4/21/19,19:00:00,200,6,NA
190715_Smp_KM1906S6C3D200_C,G3_DepthProfiles,33,-158,4/21/19,19:00:00,200,6,NA
190715_Smp_KM1906S6C3D400_A,G3_DepthProfiles,33,-158,4/21/19,19:00:00,400,6,NA
190715_Smp_KM1906S6C3D400_B,G3_DepthProfiles,33,-158,4/21/19,19:00:00,400,6,NA
190715_Smp_KM1906S6C3D400_C,G3_DepthProfiles,33,-158,4/21/19,19:00:00,400,6,NA
190715_Smp_KM1906S6C3D1000_A,G3_DepthProfiles,33,-158,4/21/19,19:00:00,1000,6,NA
190715_Smp_KM1906S6C3D1000_B,G3_DepthProfiles,33,-158,4/21/19,19:00:00,1000,6,NA
190715_Smp_KM1906S6C3D1000_C,G3_DepthProfiles,33,-158,4/21/19,19:00:00,1000,6,NA
190715_Smp_KM1906U12_A,G3_DepthProfiles,37,-158,4/19/19,18:50:00,7,5,NA
190715_Smp_KM1906U12_B,G3_DepthProfiles,37,-158,4/19/19,18:50:00,7,5,NA
190715_Smp_KM1906U12_C,G3_DepthProfiles,37,-158,4/19/19,18:50:00,7,5,NA
190715_Smp_KM1906U13_A,G3_DepthProfiles,33,-158,4/21/19,19:00:00,7,6,NA
190715_Smp_KM1906U13_B,G3_DepthProfiles,33,-158,4/21/19,19:00:00,7,6,NA
190715_Smp_KM1906U13_C,G3_DepthProfiles,33,-158,4/21/19,19:00:00,7,6,NA
190715_Blk_KM1906S6C31000-Blk_B,G3_DepthProfiles,33,-158,4/21/19,19:00:00,1000,NA,NA
190715_Blk_KM1906S6C31000-Blk_C,G3_DepthProfiles,33,-158,4/21/19,19:00:00,1000,NA,NA
190715_Blk_KM1906U14-Blk_C,G3_DepthProfiles,37.38,-158,4/23/19,12:26:00,7,NA,NA
