time,sst,sss,lat,lon,chla,pc,pn,N_N,SRP,bact_abu,bact_c,chla_interp,pc_interp,pn_interp,N_N_interp,SRP_interp
2019-04-10T13:00:00Z,24.152883720930234,34.56622410147992,22.059099528541225,-158.00004191754758,0.0623866,NA,NA,NA,NA,NA,NA,0.0623866,NA,NA,NA,NA
2019-04-10T14:00:00Z,23.99065138888889,34.698388333333334,22.1528149525,-158.00215714694446,0.07206518,NA,NA,NA,NA,NA,NA,0.07206518,NA,NA,NA,NA
2019-04-10T15:00:00Z,23.953085277777777,34.61579388888889,22.299509944444445,-158.00130797777777,0.07381324,NA,NA,NA,NA,NA,NA,0.07381324,NA,NA,NA,NA
2019-04-10T16:00:00Z,24.18130638888889,34.56315083333333,22.467798173888887,-158.00056655555557,0.0732441,NA,NA,NA,NA,NA,NA,0.0732441,NA,NA,NA,NA
2019-04-10T17:00:00Z,24.189538333333335,34.577378333333336,22.590074280555555,-158.0007209075,0.07869252,NA,NA,NA,NA,NA,NA,0.07869252,NA,NA,NA,NA
2019-04-10T18:00:00Z,23.808261666666667,34.65696777777778,22.763200783333332,-157.9999585961111,0.08395378,NA,NA,NA,NA,NA,NA,0.08395378,NA,NA,NA,NA
2019-04-10T19:00:00Z,24.059730555555557,34.55798083333333,22.93478985861111,-157.9997940361111,0.07762962,NA,NA,NA,NA,NA,NA,0.07762962,NA,NA,NA,NA
2019-04-10T20:00:00Z,24.264633611111112,34.614175555555555,23.11860700277778,-157.9993609613889,0.07944476,NA,NA,NA,NA,NA,NA,0.07944476,NA,NA,NA,NA
2019-04-10T21:00:00Z,24.27711861111111,34.62877638888889,23.195123795,-157.9746257222222,0.07609454,NA,NA,NA,NA,NA,NA,0.07609454,NA,NA,NA,NA
2019-04-10T22:00:00Z,24.169630277777777,34.61579694444444,23.31968176722222,-157.97497939277778,0.07480284,NA,NA,NA,NA,NA,NA,0.07480284,NA,NA,NA,NA
2019-04-10T23:00:00Z,24.028790555555556,34.60308055555556,23.4550189525,-157.99249001722222,0.07507742,NA,NA,NA,NA,NA,NA,0.07507742,NA,NA,NA,NA
2019-04-11T00:00:00Z,24.102120589052515,34.69499388719089,23.5916983362045,-157.9998003603779,0.08113766,NA,NA,NA,NA,NA,NA,0.08113766,NA,NA,NA,NA
2019-04-11T01:00:00Z,23.906715483510343,34.767912241475685,23.72881613750699,-158.00011844102852,0.06923652,NA,NA,NA,NA,NA,NA,0.06923652,NA,NA,NA,NA
2019-04-11T02:00:00Z,23.887,34.764,23.859498428722283,-157.99975677472722,0.06613584,NA,NA,NA,NA,NA,NA,0.06613584,NA,NA,NA,NA
2019-04-11T03:00:00Z,23.686090419806245,34.77032077502691,24.052371172228202,-158.00102851453175,0.06723048,NA,NA,NA,NA,NA,NA,0.06723048,NA,NA,NA,NA
2019-04-11T04:00:00Z,23.675539166666667,34.752810277777776,24.14990009138889,-158.00099657722222,0.07142148,NA,NA,NA,NA,NA,NA,0.07142148,NA,NA,NA,NA
2019-04-11T05:00:00Z,23.58302861111111,34.787930555555555,24.298219329166667,-157.99901139416667,0.06981958,NA,NA,NA,NA,NA,NA,0.06981958,NA,NA,NA,NA
2019-04-11T06:00:00Z,22.798495,35.03027194444444,24.44562800027778,-158.0006859186111,0.07413286,1.8847921519239048,0.3096212582694805,NA,NA,NA,NA,0.07413286,1.8847921519239048,0.3096212582694805,NA,NA
2019-04-11T07:00:00Z,22.541328333333333,35.110124444444445,24.585850541666666,-158.0001715213889,0.07569712,NA,NA,NA,NA,NA,NA,0.07569712,1.89781036897274,0.3136535607073215,NA,NA
2019-04-11T08:00:00Z,22.4610575319622,35.11915008337966,24.73795929655364,-158.00002910644804,0.07263866,NA,NA,NA,NA,NA,NA,0.07263866,1.9033728125194758,0.3159283374321956,NA,NA
2019-04-11T09:00:00Z,22.38581611111111,35.12239944444445,24.88775776527778,-158.00024625333333,0.0746176,NA,NA,NA,NA,NA,NA,0.0746176,1.9014794825641121,0.3164455884441029,NA,NA
2019-04-11T10:00:00Z,22.435811666666666,35.11664777777778,25.03742899027778,-157.99981433611111,0.07619372,1.8921303791066488,0.3152053137430434,NA,NA,NA,NA,0.07619372,1.8921303791066488,0.3152053137430434,NA,NA
2019-04-11T11:00:00Z,22.459534166666668,35.099583611111115,25.184462361666668,-158.0002318863889,0.07342004,NA,NA,NA,NA,NA,NA,0.07342004,1.8320071175387689,0.3107841527414512,NA,NA
2019-04-11T12:00:00Z,22.394226102941175,35.135666666666665,25.31585244117647,-157.9994300557598,0.0734051,1.7718838559708892,0.306362991739859,NA,NA,NA,NA,0.0734051,1.7718838559708892,0.306362991739859,NA,NA
2019-04-11T13:00:00Z,22.384,35.137,25.486222919722223,-158.00022847055556,0.0799828,NA,NA,NA,NA,NA,NA,0.0799828,1.9643525064503338,0.326035058263512,NA,NA
2019-04-11T14:00:00Z,22.384,35.137,25.637011171666668,-158.00066398194446,0.08092512,NA,NA,NA,NA,NA,NA,0.08092512,2.4239641559622416,0.3710591457462632,NA,NA
2019-04-11T15:00:00Z,22.383623015873017,35.137031746031745,25.72309462037037,-157.99833256746032,0.07651002,NA,NA,NA,NA,NA,NA,0.07651002,2.8694532117415976,0.414938631657128,NA,NA
2019-04-12T00:00:00Z,21.257689655172413,35.23079310344828,27.126031965517242,-158.00086468965517,0.07085634,3.076044455953594,0.4357552997526674,NA,NA,NA,NA,0.07085634,3.076044455953594,0.4357552997526674,NA,NA
2019-04-12T01:00:00Z,21.34811061700945,35.2309496942746,27.20537189688716,-157.9979373532518,0.0639488,NA,NA,NA,NA,NA,NA,0.0639488,3.0989334067003935,0.4384572129727397,NA,NA
2019-04-12T02:00:00Z,21.44432666666667,35.2121325,27.358628261666667,-157.9973864288889,0.06945064,NA,NA,NA,NA,NA,NA,0.06945064,3.1204743275795064,0.4406112081960554,NA,NA
2019-04-12T03:00:00Z,21.412102571428573,35.217645142857144,27.507147688857142,-158.00158064285714,0.07100534,NA,NA,NA,NA,NA,NA,0.07100534,3.1404613245587,0.4420115274260955,NA,NA
2019-04-12T04:00:00Z,21.177985555555555,35.228633055555555,27.656098699166666,-158.00237785972223,0.07745856,NA,NA,NA,NA,NA,NA,0.07745856,3.158644324145133,0.4423346477954633,NA,NA
2019-04-12T05:00:00Z,21.2004375,35.22767972222222,27.802651723333334,-157.99980723055555,0.07966526,3.1747165520029874,0.4410409602028585,NA,NA,NA,NA,0.07966526,3.1747165520029874,0.4410409602028585,NA,NA
2019-04-12T06:00:00Z,21.17619527777778,35.226172777777776,27.953931476388888,-157.99893539527778,0.07852868,2.0585391906955235,0.362614182442953,NA,NA,NA,NA,0.07852868,2.0585391906955235,0.362614182442953,NA,NA
2019-04-12T07:00:00Z,21.144984722222222,35.22587888888889,28.099453835000002,-157.9998057536111,0.08398402,NA,NA,NA,NA,NA,NA,0.08398402,2.0846773088429797,0.3646695974152026,NA,NA
2019-04-12T08:00:00Z,21.078384166666666,35.22561888888889,28.25129836888889,-157.99981992972224,0.07877442,2.11526553324532,0.3690488537636027,NA,NA,NA,NA,0.07877442,2.11526553324532,0.3690488537636027,NA,NA
2019-04-12T09:00:00Z,21.18028888888889,35.21646277777778,28.399534513055556,-158.00017401166667,0.07850694,2.297779868605053,0.3846468229465997,NA,NA,NA,NA,0.07850694,2.297779868605053,0.3846468229465997,NA,NA
2019-04-12T10:00:00Z,20.838971666666666,35.20955333333333,28.551112734722224,-158.00021134861112,0.07541952,NA,NA,NA,NA,NA,NA,0.07541952,2.2929794583484626,0.3825990612932857,NA,NA
2019-04-12T11:00:00Z,19.880400555555557,35.146818055555556,28.701973126111113,-158.00035041333334,0.05218604,2.280043947704441,0.3756901617220887,NA,NA,NA,NA,0.05218604,2.280043947704441,0.3756901617220887,NA,NA
2019-04-12T12:00:00Z,19.8009225,35.143703333333335,28.855447685555557,-158.00018663666665,0.05218098,2.11774691790512,0.3584321690886466,NA,NA,NA,NA,0.05218098,2.11774691790512,0.3584321690886466,NA,NA
2019-04-12T13:00:00Z,19.982749166666668,35.19066333333333,29.0100584875,-158.00010704805555,0.0559285,NA,NA,NA,NA,NA,NA,0.0559285,2.1516002492688306,0.3654171303386103,NA,NA
2019-04-12T14:00:00Z,19.69271277777778,35.16086722222222,29.178430063055558,-158.0007861422222,0.05681282,2.2083177190387846,0.3769459667723114,NA,NA,NA,NA,0.05681282,2.2083177190387846,0.3769459667723114,NA,NA
2019-04-12T15:00:00Z,19.671182061978545,35.155483313468416,29.327557263706794,-157.99970014779498,0.05986958,2.439834129187185,0.4619323452157882,NA,NA,NA,NA,0.05986958,2.439834129187185,0.4619323452157882,NA,NA
2019-04-12T16:00:00Z,19.634418055555557,35.15114138888889,29.487828699722222,-157.99915732722224,0.05844706,NA,NA,NA,NA,NA,NA,0.05844706,2.423437205981798,0.41226336756122,NA,NA
2019-04-12T17:00:00Z,19.6550025,35.160311666666665,29.647481236666668,-158.00097150472223,0.05481492,2.402465369756862,0.3591384134751121,NA,NA,NA,NA,0.05481492,2.402465369756862,0.3591384134751121,NA,NA
2019-04-12T18:00:00Z,19.622296944444443,35.1507825,29.7921199325,-157.99666603972221,0.0563354,1.754230954276574,0.3049734446569632,NA,NA,NA,NA,0.0563354,1.754230954276574,0.3049734446569632,NA,NA
2019-04-12T19:00:00Z,19.614910555555557,35.14791944444445,29.873331252222222,-157.98317985861112,NA,NA,NA,NA,NA,NA,NA,0.05772942011998572,2.200648312768389,0.48663139807903877,NA,NA
2019-04-12T20:00:00Z,19.675775833333333,35.14958027777778,30.024909901388888,-157.99774431805557,NA,2.6470656712602043,0.6682893515011143,NA,NA,NA,NA,0.05906669849548711,2.6470656712602043,0.6682893515011143,NA,NA
2019-04-12T21:00:00Z,19.698451666666667,35.14370638888889,30.17019679722222,-158.00026097277777,NA,2.070150220808973,0.3398200853429369,NA,NA,NA,NA,0.06033731484183532,2.070150220808973,0.3398200853429369,NA,NA
2019-04-12T22:00:00Z,19.711529444444444,35.14033,30.32601380138889,-158.00014606861112,NA,NA,NA,NA,NA,NA,NA,0.06152889325340512,2.014793215260286,0.32812630699061457,NA,NA
2019-04-12T23:00:00Z,19.533745777268823,35.12042713999428,30.488002306899514,-157.9999808869167,NA,1.9730564128223589,0.3182426125176247,NA,NA,NA,NA,0.06262579226534529,1.9730564128223589,0.3182426125176247,NA,NA
2019-04-13T00:00:00Z,18.776101809954753,34.96183851809955,30.652475141402714,-158.0003829165724,NA,2.2410654157750907,0.3559830626092951,NA,NA,NA,NA,0.06360795170438688,2.2410654157750907,0.3559830626092951,NA,NA
2019-04-13T01:00:00Z,18.70762277777778,34.94412388888889,30.800979805277777,-158.0002674036111,NA,NA,NA,NA,NA,NA,NA,0.06444921376014691,2.2584854541248784,0.3646212456689914,NA,NA
2019-04-13T02:00:00Z,19.195685555555556,35.07369027777778,30.956415056666668,-158.00032835833332,NA,NA,NA,NA,NA,NA,NA,0.06511481559061291,2.2559354399953193,0.3672862595545757,NA,NA
2019-04-13T03:00:00Z,19.30379027777778,35.093471944444445,31.077988556666668,-158.0007928613889,NA,NA,NA,NA,NA,NA,NA,0.06555753378262826,2.238773277869572,0.3655811859233114,NA,NA
2019-04-13T04:00:00Z,19.2527575,35.09954277777778,31.090631384166667,-158.00105885083335,NA,NA,NA,NA,NA,410.27641541109637,5.144872127838143,0.06571155176417522,2.211415063254744,0.36082710524139266,NA,NA
2019-04-13T05:00:00Z,19.26998111111111,35.09886027777778,31.090977994722223,-158.00097906916668,NA,NA,NA,NA,NA,NA,NA,0.0654823099349062,2.1775333098356895,0.3541224938391092,NA,NA
2019-04-13T06:00:00Z,19.236815,35.10162916666667,31.090618408055555,-158.00112731194446,NA,NA,NA,NA,NA,NA,NA,0.0647288920256357,2.1402071328225207,0.3463882150740792,NA,NA
2019-04-13T07:00:00Z,19.2495125,35.10097888888889,31.090450879444447,-158.00118407166667,0.06323165,NA,NA,NA,NA,NA,NA,0.06323165,2.102037446002244,0.3384020224941305,NA,NA
2019-04-13T08:00:00Z,19.244156944444445,35.102511666666665,31.12448692027778,-157.99254953805556,0.0608155,NA,NA,NA,NA,NA,NA,0.0608155,2.0652363258018194,0.3308253206881898,NA,NA
2019-04-13T09:00:00Z,19.238649166666665,35.10034,31.264023585,-158.00005426805555,0.05839996,NA,NA,NA,NA,NA,NA,0.05839996,2.031697057430166,0.3242241376398845,NA,NA
2019-04-13T10:00:00Z,18.792594444444443,34.941428333333334,31.414242290277777,-158.00023269222223,0.06207518,NA,NA,NA,NA,NA,NA,0.06207518,2.0030495656440412,0.3190857185136817,NA,NA
2019-04-13T11:00:00Z,17.877903754469607,34.65925983313468,31.564526499404053,-157.9999495932658,0.052736,NA,NA,NA,NA,NA,NA,0.052736,1.980704668379363,0.3158317715179071,NA,NA
2019-04-13T12:00:00Z,17.83356138888889,34.63480777777778,31.71927139611111,-158.000391015,0.05247118,NA,NA,NA,NA,NA,NA,0.05247118,1.96588969715638,0.31482912825487147,NA,NA
2019-04-13T13:00:00Z,17.793397542154903,34.642975135753076,31.869551597313517,-158.00007818148043,0.0522224,NA,NA,NA,NA,NA,NA,0.0522224,1.9596773872994266,0.3163983887962769,NA,NA
2019-04-13T14:00:00Z,17.923694722222223,34.697520833333336,32.02443068722222,-158.00047117388888,0.06828694,1.9630094762293977,0.3208209823789659,NA,NA,NA,NA,0.06828694,1.9630094762293977,0.3208209823789659,NA,NA
2019-04-13T15:00:00Z,18.24292277777778,34.794873333333335,32.17531525555555,-158.00101851444444,0.07584466666666667,NA,NA,NA,NA,NA,NA,0.07584466666666667,2.217006089702961,0.3630889487873338,NA,NA
2019-04-13T16:00:00Z,17.845815833333333,34.67115472222222,32.3349472425,-157.99969918916668,0.0713909,2.4710027031765245,0.4053569151957016,NA,NA,NA,NA,0.0713909,2.4710027031765245,0.4053569151957016,NA,NA
2019-04-13T17:00:00Z,17.66472611111111,34.654423333333334,32.49179460138889,-157.9992401313889,0.06979476,2.54142240554883,0.3910440998391626,NA,NA,NA,NA,0.06979476,2.54142240554883,0.3910440998391626,NA,NA
2019-04-13T18:00:00Z,17.4220125,34.60189638888889,32.652455851388886,-158.00034960638888,0.05844746,NA,NA,NA,NA,NA,NA,0.05844746,2.505821651289824,0.3782896376562403,NA,NA
2019-04-13T19:00:00Z,17.515700833333334,34.600672777777774,32.799924312222224,-158.00015771388888,0.0593778,2.4476612649238287,0.365535175473318,0.001,NA,NA,NA,0.0593778,2.4476612649238287,0.365535175473318,0.001,NA
2019-04-13T20:00:00Z,17.321084444444445,34.58575472222223,32.95146255,-158.00018370194445,0.05789108,2.11175743856671,0.3146137594931683,0.001,NA,NA,NA,0.05789108,2.11175743856671,0.3146137594931683,0.001,NA
2019-04-13T21:00:00Z,17.45289777777778,34.59708527777778,33.098921715277775,-158.00007063916667,0.06196723333333333,NA,NA,NA,NA,NA,NA,0.06196723333333333,2.1414604559757113,0.32495474119420176,0.001,NA
2019-04-13T22:00:00Z,17.39299888888889,34.59480666666667,33.25320113611111,-157.99984745027777,0.0588316,2.183521805890293,0.3430421446165712,NA,NA,NA,NA,0.0588316,2.183521805890293,0.3430421446165712,0.001,NA
2019-04-13T23:00:00Z,17.241286944444443,34.552532222222226,33.39888187277778,-157.9998512497222,0.0626699,2.440943612858508,0.3871985472310508,0.001,NA,NA,NA,0.0626699,2.440943612858508,0.3871985472310508,0.001,NA
2019-04-14T00:00:00Z,17.004779603399435,34.466099433427765,33.55150397705383,-158.0002140813031,0.06897163265306122,NA,NA,0.001,NA,NA,NA,0.06897163265306122,2.4472857476043512,0.38067627243168345,0.001,NA
2019-04-14T01:00:00Z,17.053860555555556,34.4453875,33.6988247025,-158.0001472525,0.06941524,2.4536278823501947,0.3741539976323161,0.001,NA,NA,NA,0.06941524,2.4536278823501947,0.3741539976323161,0.001,NA
2019-04-14T02:00:00Z,16.68940111111111,34.387237222222225,33.853598481666666,-157.99875977666667,0.0705161,2.996139370170969,0.408248446362796,0.001,NA,NA,NA,0.0705161,2.996139370170969,0.408248446362796,0.001,NA
2019-04-14T03:00:00Z,16.18682888888889,34.241415277777776,34.00591909805556,-157.99795033694446,0.09348202,NA,NA,0.001,NA,NA,NA,0.09348202,2.4934022248955374,0.3690192391293595,0.001,NA
2019-04-14T04:00:00Z,15.613121944444444,34.06182666666667,34.156871735277775,-158.00002122805554,0.07451288,1.9906650796201064,0.329790031895923,0.001,NA,NA,NA,0.07451288,1.9906650796201064,0.329790031895923,0.001,NA
2019-04-14T05:00:00Z,15.886869444444445,34.170071944444445,34.30719494277778,-158.0001026286111,0.09556212,3.3798321717581885,0.5787229527631325,0.001,NA,NA,NA,0.09556212,3.3798321717581885,0.5787229527631325,0.001,NA
2019-04-14T06:00:00Z,15.9971175,34.19874138888889,34.46263857888889,-158.0001756025,0.09014078,NA,NA,0.001,NA,NA,NA,0.09014078,2.480415408356252,0.4242652347007428,0.001,NA
2019-04-14T07:00:00Z,15.9645279371791,34.24169314406524,34.61044614164905,-158.00022878948957,0.09868346,1.580998644954316,0.2698075166383531,0.001,NA,NA,NA,0.09868346,1.580998644954316,0.2698075166383531,0.001,NA
2019-04-14T08:00:00Z,15.912393611111112,34.22331222222222,34.761774618888886,-157.99972549361112,0.09895616,3.9329377448043417,0.6635170608070095,0.5966757854058099,NA,NA,NA,0.09895616,3.9329377448043417,0.6635170608070095,0.5966757854058099,NA
2019-04-14T09:00:00Z,15.494868888888888,34.12864722222222,34.908426964166665,-157.99996046527778,0.12151716,NA,NA,NA,NA,NA,NA,0.12151716,3.3619301306102756,0.6151626284303511,0.29883789270290495,NA
2019-04-14T10:00:00Z,15.229990555555556,34.0216475,35.06110062138889,-158.00032952749999,0.11154136,2.790922516416209,0.5668081960536928,0.001,NA,NA,NA,0.11154136,2.790922516416209,0.5668081960536928,0.001,NA
2019-04-14T11:00:00Z,15.103681944444444,34.05293,35.21228861666667,-158.00009650333334,0.13418204,NA,NA,0.001,NA,NA,NA,0.13418204,2.7018332938004486,0.5374012586748848,0.001,NA
2019-04-14T12:00:00Z,15.150608055555555,34.143094166666664,35.364469589722226,-157.99993066638888,0.13333966,2.6127440711846885,0.5079943212960767,0.001,NA,575.969222321397,9.3455971394996,0.13333966,2.6127440711846885,0.5079943212960767,0.001,NA
2019-04-14T13:00:00Z,15.105275277777778,34.138283055555554,35.51236243305556,-158.00051145666666,0.14599142,2.1896851674260924,0.4634366468218988,NA,NA,NA,NA,0.14599142,2.1896851674260924,0.4634366468218988,0.001,NA
2019-04-14T14:00:00Z,15.187802222222222,34.19163805555556,35.67084308222222,-157.9996357797222,0.12733106,NA,NA,NA,NA,NA,NA,0.12733106,2.352845468205751,0.4850163700849051,0.001,NA
2019-04-14T15:00:00Z,14.773609444444444,34.08901083333333,35.81837150111111,-157.99669548666665,0.1400463,2.6345074121011507,0.5204974141523916,NA,NA,NA,NA,0.1400463,2.6345074121011507,0.5204974141523916,0.001,NA
2019-04-14T16:00:00Z,14.626659722222222,34.063073611111115,35.975976095,-158.00100828305557,0.15817978,3.3874050300369136,0.6684498324592087,NA,NA,NA,NA,0.15817978,3.3874050300369136,0.6684498324592087,0.001,NA
2019-04-14T17:00:00Z,14.787994444444445,34.12542611111111,36.13307995638889,-157.99969569916667,0.14165961999999999,NA,NA,NA,NA,NA,NA,0.14165961999999999,3.1762487825820394,0.6314974065666796,0.001,NA
2019-04-14T18:00:00Z,14.63427861111111,34.09706833333333,36.294060585555556,-158.00005098555556,0.16464288,2.9650925351271646,0.5945449806741505,NA,NA,NA,NA,0.16464288,2.9650925351271646,0.5945449806741505,0.001,NA
2019-04-14T19:00:00Z,14.446548333333332,34.04758,36.44767444972222,-157.99993502722222,0.18564818,3.250751569829508,0.6031021073994933,0.001,NA,NA,NA,0.18564818,3.250751569829508,0.6031021073994933,0.001,NA
2019-04-14T20:00:00Z,13.435245833333333,33.767652222222225,36.60482187277778,-157.99987344833335,0.310591,NA,NA,NA,NA,NA,NA,0.310591,3.8524145319687655,0.7218417811778858,0.001,NA
2019-04-14T21:00:00Z,13.382348888888888,33.726284444444445,36.756302446944446,-158.00045715805555,0.27275564,4.454077494108023,0.8541816378638447,NA,NA,NA,NA,0.27275564,4.454077494108023,0.8541816378638447,0.001,NA
2019-04-14T22:00:00Z,13.5233025,33.686658888888886,36.89283440444444,-158.00043179,0.21682518,NA,NA,0.001,NA,NA,NA,0.21682518,4.8921036511520075,1.0139025680447864,0.001,NA
2019-04-14T23:00:00Z,13.551725277777777,33.687215,36.91071403944444,-158.0007485736111,0.21308612,NA,NA,0.001,NA,NA,NA,0.21308612,5.262604936369398,1.223844497483843,0.001,NA
2019-04-15T00:00:00Z,13.524605322763307,33.69124207248018,36.91070487344281,-158.00060437032843,0.21385216326530612,NA,NA,0.001,NA,NA,NA,0.21385216326530612,5.574601353312343,1.4766994067129064,0.001,NA
2019-04-15T01:00:00Z,13.477355,33.69755638888889,36.91065651444445,-158.0004972597222,0.21948662,NA,NA,0.001,NA,NA,NA,0.21948662,5.837464118087285,1.7617005000420125,0.001,NA
2019-04-15T02:00:00Z,13.507250277777779,33.69746555555555,36.91075113416667,-158.00050497,0.2169813,NA,NA,NA,NA,NA,NA,0.2169813,6.0609329213750245,2.0623013672912998,0.001,NA
2019-04-15T03:00:00Z,13.444779144534527,33.70476544590439,36.910768969247975,-158.000471116019,0.22975268,NA,NA,0.001,NA,NA,NA,0.22975268,6.2551342186675445,2.3516967504698676,0.001,NA
2019-04-15T04:00:00Z,13.583664945125888,33.68988411878632,36.92137450839251,-158.00369116785023,0.21341308,NA,NA,0.6530409276342212,NA,NA,NA,0.21341308,6.4306006208916635,2.5834134615687576,0.6530409276342212,NA
2019-04-15T05:00:00Z,13.530618055555555,33.73435944444444,37.06454188527778,-158.00046585833334,0.25712234,NA,2.6692193622201805,0.6270484574522376,NA,NA,NA,0.25712234,6.598291463437609,2.6692193622201805,0.6270484574522376,NA
2019-04-15T06:00:00Z,13.29557,33.740089166666664,37.24650711,-157.9997930852778,0.34323054,NA,NA,0.45596542615167157,NA,NA,NA,0.34323054,6.769614637996917,2.584088959610463,0.45596542615167157,NA
2019-04-15T07:00:00Z,13.263232777777779,33.74397833333333,37.41642272027778,-158.00024117777778,0.34841362,NA,NA,0.001,NA,NA,NA,0.34841362,6.956449778594746,2.413419094982358,0.001,NA
2019-04-15T08:00:00Z,13.291263606943218,33.761571344513094,37.595312939099735,-158.00020914386585,0.34949558000000003,NA,NA,0.001,NA,NA,NA,0.34949558000000003,7.171172900838602,2.1794800674857235,0.001,NA
2019-04-15T09:00:00Z,13.292757334092851,33.771516661919684,37.77265408516092,-158.00056266704644,0.38036948,NA,NA,0.001,NA,NA,NA,0.38036948,7.426682601767948,1.9123367974845003,0.001,NA
2019-04-15T10:00:00Z,13.174267837235229,33.75363266443701,37.953879056577485,-157.99959830156075,0.418304,NA,NA,0.001,NA,NA,NA,0.418304,7.736427936854599,1.6535859823898273,0.001,NA
2019-04-15T11:00:00Z,12.513186388888888,33.518393611111115,38.1300581175,-158.00023818916668,0.62403686,NA,NA,0.001,NA,NA,NA,0.62403686,8.11443810075882,1.4624714486752228,0.001,NA
2019-04-15T12:00:00Z,12.627859722222222,33.588992222222224,38.31063614944445,-158.0000427752778,0.58650098,8.5753540494876,1.4263528178304168,0.001,NA,NA,NA,0.58650098,8.5753540494876,1.4263528178304168,0.001,NA
2019-04-15T13:00:00Z,12.389165833333333,33.55945222222222,38.48981426555556,-158.0001046988889,0.59332154,NA,NA,NA,NA,NA,NA,0.59332154,9.292509944184324,1.5348845671152382,0.001,NA
2019-04-15T14:00:00Z,12.255123611111111,33.585947222222224,38.677413478611115,-157.998019895,0.6182426599999999,10.009665838881048,1.6434163164000597,0.001,NA,NA,NA,0.6182426599999999,10.009665838881048,1.6434163164000597,0.001,NA
2019-04-15T15:00:00Z,11.99111861111111,33.55934166666667,38.852568623055554,-157.9976286061111,0.56380572,NA,NA,0.7126547747458221,NA,NA,NA,0.56380572,9.73388128133275,1.6073665931085144,0.7126547747458221,NA
2019-04-15T16:00:00Z,11.993045277777778,33.545141944444445,39.03301330222222,-157.99889238694445,0.59397786,NA,NA,0.3054463594685514,NA,NA,NA,0.59397786,8.95139834651044,1.514717749216239,0.3054463594685514,NA
2019-04-15T17:00:00Z,11.652865277777778,33.536569722222225,39.208975448055554,-158.00007517972222,0.51820826,NA,NA,1.1524919705742709,NA,NA,NA,0.51820826,8.1472242202842,1.4187757128582785,1.1524919705742709,NA
2019-04-15T18:00:00Z,11.657623888888889,33.5108075,39.391633715,-157.99981930277778,0.5879613,7.893130854139831,1.386019182032418,1.207285023205956,NA,NA,NA,0.5879613,7.893130854139831,1.386019182032418,1.207285023205956,NA
2019-04-15T19:00:00Z,11.511405833333333,33.479707777777776,39.5645927225,-157.99976776111112,0.6012128,9.05994052952478,1.543352717510556,1.2281784527487718,NA,NA,NA,0.6012128,9.05994052952478,1.543352717510556,1.2281784527487718,NA
2019-04-15T20:00:00Z,11.526246666666667,33.53718888888889,39.74865513555556,-158.0001774861111,0.55518004,NA,NA,1.5699597672624295,NA,NA,NA,0.55518004,8.87411560183474,1.1256919757228154,1.5699597672624295,NA
2019-04-15T21:00:00Z,11.258408333333334,33.51843222222222,39.91847998638889,-158.00019833555555,0.53409232,NA,0.7080312339350749,2.353559786530225,NA,NA,NA,0.53409232,8.652372697794865,0.7080312339350749,2.353559786530225,NA
2019-04-15T22:00:00Z,11.32484388888889,33.52793,40.09359534138889,-158.00023174055556,0.56922544,8.42603648490639,1.4353436827979258,2.184480141708937,NA,NA,NA,0.56922544,8.42603648490639,1.4353436827979258,2.184480141708937,NA
2019-04-15T23:00:00Z,11.545781388888889,33.56886,40.26291444555556,-158.00012661416667,0.45378858,NA,NA,1.4593965213892208,NA,NA,NA,0.45378858,8.18489865951076,1.3952505502993884,1.4593965213892208,NA
2019-04-16T00:00:00Z,11.109219618055555,33.52097482638889,40.43087744241898,-158.00027071701388,0.52778062,7.943760834115128,1.355157417800851,2.90544426904111,NA,NA,NA,0.52778062,7.943760834115128,1.355157417800851,2.90544426904111,NA
2019-04-16T01:00:00Z,11.269596388888889,33.523945833333336,40.5959872175,-158.00020037194443,0.46930757777777776,8.242967860437954,1.3696548495955467,2.6172123157215794,NA,NA,NA,0.46930757777777776,8.242967860437954,1.3696548495955467,2.6172123157215794,NA
2019-04-16T02:00:00Z,10.690299722222223,33.404900833333336,40.76364837472222,-158.00125124916667,0.56686846,NA,NA,3.7822598197856117,NA,NA,NA,0.56686846,8.403462081352941,1.3593129163328006,3.7822598197856117,NA
2019-04-16T03:00:00Z,10.335401666666666,33.32989333333333,40.934030765555555,-158.00057619666666,0.58574462,8.52729025105716,1.3459813488659504,5.00717883245978,NA,NA,NA,0.58574462,8.52729025105716,1.3459813488659504,5.00717883245978,NA
2019-04-16T04:00:00Z,10.13953388888889,33.29085194444445,41.12306425,-158.00034893194444,0.5680192000000001,NA,NA,5.247058707427256,NA,NA,NA,0.5680192000000001,7.709539923587996,1.244168028750574,5.247058707427256,NA
2019-04-16T05:00:00Z,9.728609722222222,33.220461944444445,41.31568528333334,-157.99978779777777,0.62023246,6.891789596118832,1.1423547086351975,5.318825851936592,NA,301.60868563220197,4.10952905858172,0.62023246,6.891789596118832,1.1423547086351975,5.318825851936592,NA
2019-04-16T06:00:00Z,9.706424879807692,33.25474819711538,41.50990982331731,-158.0002252361779,0.54827686,7.294239313389474,1.201759659037279,5.64817185649038,NA,NA,NA,0.54827686,7.294239313389474,1.201759659037279,5.64817185649038,NA
2019-04-16T07:00:00Z,9.732217144479137,33.271506954300314,41.651666727788815,-157.9987792548964,0.42440394,NA,NA,5.852820192848588,NA,NA,NA,0.42440394,7.590136120406225,1.2646524761417974,5.852820192848588,NA
2019-04-16T08:00:00Z,9.707552608820986,33.270311617180745,41.67037479705967,-158.00980538743153,0.43015948,7.7794006337039345,1.3275452932463156,5.765734224270795,NA,NA,NA,0.43015948,7.7794006337039345,1.3275452932463156,5.765734224270795,NA
2019-04-16T09:00:00Z,9.709903289288727,33.2730517289851,41.67364834439134,-158.02531194574078,0.44039948,NA,NA,NA,NA,NA,NA,0.44039948,7.666043210278434,1.3021118411425032,5.6949885467834225,NA
2019-04-16T10:00:00Z,9.722971559896582,33.276314564780236,41.67597064435507,-158.0393320011491,0.45435556,NA,NA,NA,NA,NA,NA,0.45435556,7.472218648646707,1.2543386775903473,5.630835543247073,NA
2019-04-16T11:00:00Z,9.721133611111112,33.27784361111111,41.67592272638889,-158.03936363555556,0.4523183,7.357378814912073,1.2300215384018482,NA,NA,NA,NA,0.4523183,7.357378814912073,1.2300215384018482,5.573010579652353,NA
2019-04-16T12:00:00Z,9.718197222222223,33.27852,41.67550556583333,-158.03957982666665,0.45549156,7.329577803871347,1.2449044836486471,NA,NA,NA,NA,0.45549156,7.329577803871347,1.2449044836486471,5.521252585938549,NA
2019-04-16T13:00:00Z,9.697735,33.27559083333333,41.67551742166667,-158.03957068166667,0.45462024,NA,NA,NA,NA,NA,NA,0.45462024,7.034812686710019,1.2248744152620628,5.475303996198273,NA
2019-04-16T14:00:00Z,9.684142777777778,33.27303527777778,41.675605561666664,-158.0394686036111,0.45528957999999997,6.7400475695486906,1.2048443468754786,NA,NA,NA,NA,0.45528957999999997,6.7400475695486906,1.2048443468754786,5.434910690081955,NA
2019-04-16T15:00:00Z,9.681633333333334,33.27056833333334,41.675435854722224,-158.040700885,0.46354568,NA,NA,NA,NA,NA,NA,0.46354568,6.675012539363851,1.190480335367494,5.399821935374209,NA
2019-04-16T16:00:00Z,9.683063055555555,33.27296027777778,41.68049620861111,-158.04973339805557,0.44201782,NA,NA,NA,NA,NA,NA,0.44201782,6.625830804143802,1.178582000818185,5.369790331714804,NA
2019-04-16T17:00:00Z,9.659817422434367,33.27346539379475,41.68041556085919,-158.0503295405728,0.43794184,NA,NA,NA,NA,NA,NA,0.43794184,6.590317584906782,1.1689208991432596,5.3445717554377135,NA
2019-04-16T18:00:00Z,9.61475678119349,33.27122694394213,41.67939401808319,-158.051408818264,0.4364423,NA,NA,NA,NA,NA,NA,0.4364423,6.566626639141745,1.1612897212839972,5.323925305502425,NA
2019-04-16T19:00:00Z,9.5953525,33.27057222222222,41.679388566944446,-158.05139826777778,0.44325338,NA,NA,NA,NA,NA,NA,0.44325338,6.5531871349378115,1.1554999042679164,5.307613250492344,NA
2019-04-16T20:00:00Z,9.585395277777778,33.26737166666667,41.68927531805556,-158.0552948475,0.45717753333333333,NA,NA,NA,NA,NA,NA,0.45717753333333333,6.548654142348737,1.1513795591387508,5.295400976655821,NA
2019-04-16T21:00:00Z,9.632274444444445,33.28389527777778,41.81181038027778,-158.08407074472223,0.4368007586206897,NA,NA,NA,NA,NA,NA,0.4368007586206897,6.551869433901807,1.1487716677817579,5.287056936965929,NA
2019-04-16T22:00:00Z,9.645215,33.27868888888889,41.765028442222224,-158.0848181475,0.40919394,NA,NA,NA,NA,NA,NA,0.40919394,6.561830173809675,1.1475325087954993,5.282352601175785,NA
2019-04-16T23:00:00Z,9.649016944444444,33.26665305555556,41.68153719166667,-158.05280643805557,0.4686016,NA,NA,NA,NA,NA,NA,0.4686016,6.5776637038359915,1.1475302791703337,5.281062406846781,NA
2019-04-17T00:00:00Z,9.674894148020654,33.26735685599541,41.680661365174984,-158.05056061130236,0.4620621,NA,NA,NA,NA,NA,NA,0.4620621,6.5986070843915154,1.148643883934845,5.282963711327678,NA
2019-04-17T01:00:00Z,9.7410325,33.26926,41.68049496,-158.0505275811111,0.4468292,NA,NA,NA,NA,NA,NA,0.4468292,6.6239903764703225,1.1507618703647735,5.287836744663115,NA
2019-04-17T02:00:00Z,9.761612222222222,33.268774722222226,41.68045301055555,-158.0505169013889,0.4359858,NA,NA,NA,NA,NA,NA,0.4359858,6.6532228900258135,1.1537814870036143,5.2954645634105795,NA
2019-04-17T03:00:00Z,9.790939428571429,33.27027457142857,41.68105702685715,-158.050191792,0.4473371,NA,NA,NA,NA,NA,NA,0.4473371,6.685781802335684,1.1576078507689522,5.3056330053455,NA
2019-04-17T04:00:00Z,9.824780871670702,33.27459624697337,41.680967775726394,-158.05008592736078,0.44110328,NA,NA,NA,NA,NA,NA,0.44110328,6.721202683136504,1.1621532079321208,5.318130645034563,NA
2019-04-17T05:00:00Z,9.790096111111112,33.27352805555556,41.66735674611111,-158.02431539083332,0.44767342,NA,NA,NA,NA,NA,NA,0.44767342,6.759071563969063,1.1673362768551867,5.33274875025792,NA
2019-04-17T06:00:00Z,9.754553611111112,33.270378055555554,41.65999246222222,-158.01044993638888,0.44350892000000003,NA,NA,NA,NA,NA,NA,0.44350892000000003,6.799018265878397,1.1730816621240798,5.349281239261418,NA
2019-04-17T07:00:00Z,9.736657222222222,33.27311972222222,41.64890206111111,-158.00359122805557,0.443694,NA,NA,NA,NA,NA,NA,0.443694,6.840710758529984,1.1793193311906782,5.367524638820461,NA
2019-04-17T08:00:00Z,9.704809722222222,33.26903,41.67806883694445,-158.0034349563889,0.40464034,NA,NA,NA,NA,NA,NA,0.40464034,6.883850369402871,1.1859841458788423,5.387278043097585,NA
2019-04-17T09:00:00Z,9.709758611111111,33.27008777777778,41.64825375416667,-157.91701826222223,0.39681696,NA,NA,NA,NA,NA,NA,0.39681696,6.928167697264636,1.193015442159634,5.4083430732762805,NA
2019-04-17T10:00:00Z,9.708034722222223,33.269107777777776,41.64810309861111,-157.91813618277777,0.40454842,NA,NA,NA,NA,NA,NA,0.40454842,6.973419112026901,1.2003566524915987,5.430523837954019,NA
2019-04-17T11:00:00Z,9.689505555555556,33.267851666666665,41.643670013611114,-157.9306214838889,0.40635464,NA,NA,NA,NA,NA,NA,0.40635464,7.019383745110256,1.2079549657795774,5.453626894277886,NA
2019-04-17T12:00:00Z,9.697784166666667,33.27491555555556,41.61782161972222,-157.9302509486111,0.39826626,NA,NA,NA,NA,NA,NA,0.39826626,7.065860891952465,1.2157610206517433,5.47746120980662,NA
2019-04-17T13:00:00Z,9.681487777777777,33.277231944444445,41.618127326944446,-157.93006921527777,0.41951708,NA,NA,NA,NA,NA,NA,0.41951708,7.112667762283263,1.2237286283073463,5.501838125083274,NA
2019-04-17T14:00:00Z,9.67362,33.27719611111111,41.61820205555556,-157.92993645777779,0.41128756,NA,NA,NA,NA,NA,NA,0.41128756,7.159637525030329,1.2318145216617475,5.526571316903088,NA
2019-04-17T15:00:00Z,9.682627222222223,33.27235777777778,41.61803344111111,-157.93230867916665,0.40670566,NA,NA,NA,NA,NA,NA,0.40670566,7.206617603801243,1.2399781279230069,5.551476762261575,NA
2019-04-17T16:00:00Z,9.685399166666667,33.270787222222225,41.6179471175,-157.93692263388888,0.42093896000000003,NA,NA,NA,NA,NA,NA,0.42093896000000003,7.253468186257251,1.2481813620857258,5.576372702968136,NA
2019-04-17T17:00:00Z,9.66151111111111,33.271590833333335,41.63996117055556,-157.9370807,0.43391846,NA,NA,NA,NA,NA,NA,0.43391846,7.300060916706675,1.256388439131521,5.601079610910952,NA
2019-04-17T18:00:00Z,9.638338888888889,33.27498166666667,41.69625411361111,-157.91588961472223,0.43024054,NA,NA,NA,NA,NA,NA,0.43024054,7.34627774617166,1.2645657029885455,5.625420153959185,NA
2019-04-17T19:00:00Z,9.637792777777777,33.274434722222225,41.669098991666665,-157.92152048416668,0.42961166,NA,NA,NA,NA,NA,NA,0.42961166,7.392009918235311,1.2726814705308016,5.649219162488893,NA
2019-04-17T20:00:00Z,9.663172620748785,33.27630351529008,41.65258101943412,-157.93609438410974,0.4296540243902439,NA,NA,NA,NA,NA,NA,0.4296540243902439,7.437157072325638,1.2807058890966565,5.672303596519402,NA
2019-04-17T21:00:00Z,9.724019166666666,33.2765375,41.652653326111114,-157.93607242444443,0.42994255263157893,NA,NA,NA,NA,NA,NA,0.42994255263157893,7.481626448871262,1.288610806179165,5.694502513447171,NA
2019-04-17T22:00:00Z,9.802650277777778,33.27585027777778,41.652794560277776,-157.9377569886111,0.44100074,NA,NA,NA,NA,NA,NA,0.44100074,7.525332183077749,1.296369650092123,5.7156470363645155,NA
2019-04-17T23:00:00Z,9.849999722222222,33.273296944444446,41.65404003638889,-157.9438371913889,0.45638388,NA,NA,NA,NA,NA,NA,0.45638388,7.5681946760073835,1.3039573205482418,5.7355703229508705,NA
2019-04-18T00:00:00Z,9.881391927083333,33.27162890625,41.654255853298615,-157.94422876909724,0.4438026206896552,NA,NA,NA,NA,NA,NA,0.4438026206896552,7.610140033267335,1.3113500882020193,5.754107534924551,NA
2019-04-18T01:00:00Z,9.858639444444444,33.274699166666664,41.701793761944444,-158.00513893333334,0.39786818,NA,NA,NA,NA,NA,NA,0.39786818,7.651099562976289,1.3185255023119795,5.771095808043258,NA
2019-04-18T02:00:00Z,9.918117467115326,33.27262037320281,41.647462516671766,-157.94408513582135,0.40224138,NA,NA,NA,NA,NA,NA,0.40224138,7.691009325832298,1.3254623057668433,5.7863742226418715,NA
2019-04-18T03:00:00Z,9.960955833333333,33.272957500000004,41.60751801944444,-157.9019369186111,0.39245412,NA,NA,NA,NA,NA,NA,0.39245412,7.72980973108083,1.332140356799466,5.799783774696336,NA
2019-04-18T04:00:00Z,9.935587777777778,33.27437583333334,41.60683362277778,-157.90202228416666,0.40386196,NA,NA,NA,NA,NA,NA,0.40386196,7.767445173011379,1.3385405567824125,5.811167347402714,NA
2019-04-18T05:00:00Z,9.89008361111111,33.272805,41.59636063194444,-157.89981381916667,0.40386788,NA,NA,NA,NA,NA,NA,0.40386788,7.803863703317628,1.344644783561025,5.820369683260726,NA
2019-04-18T06:00:00Z,9.8549225,33.27587861111111,41.599255097222226,-157.90899384833332,0.40451404,NA,NA,NA,NA,NA,NA,0.40451404,7.839016735259897,1.3504358298347743,5.827237356651378,NA
2019-04-18T07:00:00Z,9.762050555555556,33.271794166666666,41.63070302,-157.9084900675,0.42754606,NA,NA,NA,NA,NA,NA,0.42754606,7.872858776085847,1.3558973461464638,5.831618746898497,NA
2019-04-18T08:00:00Z,9.7355425,33.272014166666665,41.63574746,-157.9087003688889,0.41214512,NA,NA,NA,NA,NA,NA,0.41214512,7.90534718460969,1.3610137880822306,5.833364011804225,NA
2019-04-18T09:00:00Z,9.769979444444445,33.284485555555555,41.696707368055556,-157.97259857833333,0.40702156,NA,NA,NA,NA,NA,NA,0.40702156,7.9364419512328,1.3657703673239134,5.83232506164881,NA
2019-04-18T10:00:00Z,9.756278611111112,33.28416611111111,41.69404771916667,-157.96739824583332,0.41071954,NA,NA,NA,NA,NA,NA,0.41071954,7.966105498018831,1.370153006229805,5.828355533645173,NA
2019-04-18T11:00:00Z,9.729659617033438,33.2744441268934,41.603213244927126,-157.92363268733925,0.41257248,NA,NA,NA,NA,NA,NA,0.41257248,7.994302496722299,1.3741482956505833,5.821310766839035,NA
2019-04-18T12:00:00Z,9.770902777777778,33.27505638888889,41.59979904722222,-157.92122408805557,0.42240908,NA,NA,NA,NA,NA,NA,0.42240908,8.0209997029174,1.37774345571472,5.811047777445537,NA
2019-04-18T13:00:00Z,9.783893055555556,33.27359416666667,41.60220936722222,-157.91536516777776,0.43531443999999997,NA,NA,NA,NA,NA,NA,0.43531443999999997,8.046165804589327,1.3809262993423357,5.797425234613539,NA
2019-04-18T14:00:00Z,9.762823888888889,33.266821944444445,41.59633331972222,-157.91385547444443,0.45976678,NA,NA,NA,NA,NA,NA,0.45976678,8.069771283737955,1.3836851982685536,5.780303436608968,NA
2019-04-18T15:00:00Z,9.786728333333333,33.27055555555555,41.59187753305556,-157.91265760055555,0.42553866,NA,NA,NA,NA,NA,NA,0.42553866,8.091788289707656,1.3860090513772716,5.759544287408773,NA
2019-04-18T16:00:00Z,9.78830960548885,33.27277587192682,41.600472745568894,-157.9059631520869,0.39182726,NA,NA,NA,NA,NA,NA,0.39182726,8.112190523100246,1.3878872551641062,5.735011273697283,NA
2019-04-18T17:00:00Z,9.774930277777777,33.27267361111111,41.607450166944446,-157.8980707538889,0.3856376,NA,NA,NA,NA,NA,NA,0.3856376,8.13095312925364,1.389309676163347,5.7065694422568685,NA
2019-04-18T18:00:00Z,9.76435,33.27265305555556,41.604498928333335,-157.8867549652778,0.3851823,NA,NA,NA,NA,NA,NA,0.3851823,8.148052600379103,1.3902666251882236,5.674085377745106,NA
2019-04-18T19:00:00Z,9.767308611111112,33.278463888888886,41.600065827777776,-157.91228338472223,0.48198084,NA,NA,NA,NA,NA,NA,0.48198084,8.163466685546938,1.390748833246874,5.637427180850707,NA
2019-04-18T20:00:00Z,9.770746388888888,33.27742888888889,41.603006576944445,-157.93957393861112,0.47538768,NA,NA,NA,NA,NA,NA,0.47538768,8.17717430779596,1.3907474290082016,5.596464446820726,NA
2019-04-18T21:00:00Z,9.807773888888889,33.277630555555554,41.595174676666666,-157.9228127438889,0.45932714583333334,NA,NA,NA,NA,NA,NA,0.45932714583333334,8.189155487717587,1.3902539177024924,5.55106824435171,NA
2019-04-18T22:00:00Z,9.835241783366676,33.27831780508717,41.59043308888254,-157.87901906687625,0.4233411,NA,NA,NA,NA,NA,NA,0.4233411,8.199391272932095,1.389260161351335,5.501111094837594,NA
2019-04-18T23:00:00Z,9.883674444444445,33.27443138888889,41.50049948722222,-157.95943589777778,0.47633444,NA,NA,NA,NA,NA,NA,0.47633444,8.207863672933708,1.3877583602301495,5.446466951967341,NA
2019-04-19T00:00:00Z,9.885401412973668,33.24618400770713,41.32309418529223,-158.00000619460502,0.5588193695652174,NA,NA,5.3870111816654775,NA,NA,NA,0.5588193695652174,8.214555598833702,1.3857410354745934,5.3870111816654775,NA
2019-04-19T01:00:00Z,10.194257777777779,33.29395861111111,41.13915757944444,-158.00007948944443,0.7013900200000001,NA,NA,4.682233733878027,NA,NA,NA,0.7013900200000001,8.219450807577187,1.3832010127493286,4.682233733878027,NA
2019-04-19T02:00:00Z,10.31944388888889,33.30419055555556,40.9573600025,-157.9999635775,0.7009820999999999,NA,NA,0.001,NA,NA,NA,0.7009820999999999,8.222533850250889,1.3801314069042174,0.001,NA
2019-04-19T03:00:00Z,10.930573888888889,33.46345055555555,40.77754156305556,-158.0005388922222,0.5528219,NA,NA,3.925369143564098,NA,NA,NA,0.5528219,8.22379002413607,1.3765256075489871,3.925369143564098,NA
2019-04-19T04:00:00Z,11.235747777777778,33.520941388888886,40.60088957333333,-157.99915930916666,0.48711404,8.223205328193835,1.3723772654828517,2.011955751215364,NA,NA,NA,0.48711404,8.223205328193835,1.3723772654828517,2.011955751215364,NA
2019-04-19T05:00:00Z,11.218086944444444,33.53613694444444,40.428905390555556,-157.99807908305556,0.4616579,NA,NA,1.9948973051087249,NA,NA,NA,0.4616579,6.702673858587625,1.1066559619061707,1.9948973051087249,NA
2019-04-19T06:00:00Z,11.70246,33.57705833333333,40.260684607500004,-157.99991715027778,0.36947378,5.182142388981414,0.8409346583294894,1.0522709722572052,NA,NA,NA,0.36947378,5.182142388981414,0.8409346583294894,1.0522709722572052,NA
2019-04-19T07:00:00Z,11.273397777777777,33.53283861111111,40.093985940277776,-157.9991213222222,0.42254272,7.345508675431544,1.2339727902451414,0.9158909746272798,NA,NA,NA,0.42254272,7.345508675431544,1.2339727902451414,0.9158909746272798,NA
2019-04-19T08:00:00Z,11.195089166666667,33.515239722222226,39.93091695416667,-157.99962866305555,0.49886676,NA,NA,1.93786142842982,NA,NA,NA,0.49886676,7.411925313279001,1.2610709869231225,1.93786142842982,NA
2019-04-19T09:00:00Z,11.385721666666667,33.5481425,39.767786575555554,-157.99931096527777,0.39461132,7.478341951126458,1.2881691836011036,1.442091565103015,NA,NA,NA,0.39461132,7.478341951126458,1.2881691836011036,1.442091565103015,NA
2019-04-19T10:00:00Z,11.272100833333333,33.50676555555555,39.605765829444444,-157.99959957305555,0.42456798,7.79499846317803,1.333900656001903,1.536414165732089,NA,NA,NA,0.42456798,7.79499846317803,1.333900656001903,1.536414165732089,NA
2019-04-19T11:00:00Z,11.471360277777778,33.49376777777778,39.43717358083333,-157.9998013677778,0.37484652,NA,NA,1.30284200306373,NA,NA,NA,0.37484652,7.527261184503345,1.2882752296904192,1.30284200306373,NA
2019-04-19T12:00:00Z,11.831020833333334,33.585836111111114,39.25522623916667,-157.9997503013889,0.25023418,7.042552336641445,1.20565951070907,0.5469102890753421,NA,NA,NA,0.25023418,7.042552336641445,1.20565951070907,0.5469102890753421,NA
2019-04-19T13:00:00Z,11.404336666666667,33.45933388888889,39.065516385833334,-157.9997457111111,0.37781524,6.0767930366624885,1.008811830987245,0.4129944509358001,NA,NA,NA,0.37781524,6.0767930366624885,1.008811830987245,0.4129944509358001,NA
2019-04-19T14:00:00Z,11.684127777777778,33.530205555555554,38.87081651583333,-157.99888935444443,0.3955663,NA,NA,0.001,NA,NA,NA,0.3955663,6.772756440565509,1.130355887949727,0.001,NA
2019-04-19T15:00:00Z,11.906783333333333,33.556534722222224,38.67637358333334,-157.9947961863889,0.49669052,NA,NA,0.034290857430716935,NA,NA,NA,0.49669052,7.751512662448165,1.3574840608407381,0.034290857430716935,NA
2019-04-19T16:00:00Z,12.116276666666666,33.562266944444445,38.483236204722225,-158.0009455088889,0.5122888,8.487608899219808,1.4872746301382798,0.001,NA,NA,NA,0.5122888,8.487608899219808,1.4872746301382798,0.001,NA
2019-04-19T17:00:00Z,12.30020377250643,33.53655444412689,38.28886232523578,-157.99877318719635,0.57767902,NA,NA,0.001,NA,NA,NA,0.57767902,9.063466384530704,1.5359007016303712,0.001,NA
2019-04-19T18:00:00Z,12.434299722222223,33.57572555555556,38.087795534444446,-158.00008263027777,0.50494288,9.528348353973517,1.5752650009126237,0.001,NA,NA,NA,0.50494288,9.528348353973517,1.5752650009126237,0.001,NA
2019-04-19T19:00:00Z,12.995956388888889,33.72043527777778,37.89337492,-157.99966172055557,0.35886206,8.520345635426493,1.394872771425015,0.001,NA,NA,NA,0.35886206,8.520345635426493,1.394872771425015,0.001,NA
2019-04-19T20:00:00Z,12.963579444444445,33.72248833333333,37.710527883333334,-157.9996260825,0.38160814,NA,NA,0.001,NA,NA,NA,0.38160814,8.540559409852829,1.421944801370421,0.001,NA
2019-04-19T21:00:00Z,13.048001428571428,33.736070857142856,37.538990849142856,-157.99991318485715,0.4089643666666667,8.560773184279165,1.4490168313158271,NA,NA,NA,NA,0.4089643666666667,8.560773184279165,1.4490168313158271,0.001,NA
2019-04-19T22:00:00Z,13.24039777387229,33.81203397773872,37.35319482308143,-158.0001355357352,0.40965386206896554,8.167208607250158,1.3839294478923336,NA,NA,NA,NA,0.40965386206896554,8.167208607250158,1.3839294478923336,0.001,NA
2019-04-19T23:00:00Z,13.334539166666667,33.785740277777776,37.18193856638889,-157.99985235833333,0.3354169,NA,NA,NA,NA,NA,NA,0.3354169,7.9521720475149085,1.3476709110959737,0.001,NA
2019-04-20T00:00:00Z,13.651690172755593,33.74236052109884,37.02242147465307,-158.00023107844802,0.18088432653061223,NA,NA,NA,NA,NA,NA,0.18088432653061223,7.7831287664728075,1.3194929740005858,0.001,NA
2019-04-20T01:00:00Z,13.723483055555555,33.74662111111111,36.999586614444446,-157.99988191583333,0.18917957999999999,NA,NA,NA,NA,848.813426673736,10.765173473829066,0.18917957999999999,7.651557301490607,1.2978795296900802,0.001,NA
2019-04-20T02:00:00Z,13.770918611111112,33.754265277777776,36.99967424527778,-157.999519875,0.18684388,NA,NA,NA,NA,NA,NA,0.18684388,7.550195409534869,1.2815438536163384,0.001,NA
2019-04-20T03:00:00Z,13.785366388888889,33.76130361111111,36.99976061388889,-157.99969839722223,0.18187572,NA,NA,NA,NA,NA,NA,0.18187572,7.472815759511143,1.2693868035842266,0.001,NA
2019-04-20T04:00:00Z,13.748203055555555,33.760802777777776,36.99990538055555,-158.00054246861112,0.1730181,NA,NA,NA,NA,NA,NA,0.1730181,7.414047922882127,1.2604638389028964,0.001,NA
2019-04-20T05:00:00Z,13.608734444444444,33.74229861111111,36.99995289277778,-158.00005253055556,0.15114628,NA,NA,NA,NA,NA,NA,0.15114628,7.36923588443277,1.2539587616175656,0.001,NA
2019-04-20T06:00:00Z,13.607268611111111,33.74317111111111,37.01524478611111,-158.0011568427778,0.16107898,NA,NA,NA,NA,NA,NA,0.16107898,7.334323070323994,1.2491626339103719,0.001,NA
2019-04-20T07:00:00Z,13.63538138888889,33.73077333333333,37.08708222944445,-157.99982227472222,0.1600633,NA,NA,NA,NA,NA,NA,0.1600633,7.3057588869848304,1.2454567191446964,0.001,NA
2019-04-20T08:00:00Z,13.584373611111111,33.744478055555554,37.010921412222224,-158.00010684666665,0.15371466,NA,NA,NA,NA,NA,NA,0.15371466,7.280422217462385,1.2422985782675666,0.001,NA
2019-04-20T09:00:00Z,13.58842861111111,33.74534888888889,37.00015569111111,-158.00039370194443,0.15483624000000001,NA,NA,NA,NA,NA,NA,0.15483624000000001,7.255558391062007,1.2392106610205067,0.001,NA
2019-04-20T10:00:00Z,13.596490277777777,33.74937944444444,37.00010289083333,-158.00020428305555,0.16389492,NA,NA,NA,NA,NA,NA,0.16389492,7.2287269369236355,1.2357708848555633,0.001,NA
2019-04-20T11:00:00Z,13.643453611111111,33.76070527777778,37.000031318611114,-158.000014105,0.17976826,NA,NA,NA,NA,NA,NA,0.17976826,7.197758028670767,1.2316048089297302,0.001,NA
2019-04-20T12:00:00Z,13.672150277777778,33.766623333333335,37.00018868222222,-158.00016458305555,0.19213878,NA,NA,NA,NA,NA,NA,0.19213878,7.160715978936958,1.2263790967524308,0.001,NA
2019-04-20T13:00:00Z,13.698150277777778,33.769555833333335,36.99989516666667,-158.0001266963889,0.19921392,NA,NA,NA,NA,NA,NA,0.19921392,7.11586848746292,1.2197960265395855,0.001,NA
2019-04-20T14:00:00Z,13.707896827665047,33.71517290654473,37.001245390111464,-158.00137830494427,0.19104614285714286,NA,NA,NA,NA,NA,NA,0.19104614285714286,7.061660611896693,1.2115888584752588,0.001,NA
2019-04-20T15:00:00Z,13.651511944444444,33.73035027777778,37.003447325277776,-158.0033745552778,0.20425282,NA,NA,NA,NA,NA,NA,0.20425282,6.996692636247607,1.2015179067853912,0.001,NA
2019-04-20T16:00:00Z,13.588717777777777,33.750115,37.00313187333333,-158.00164121194445,0.20942236,NA,NA,NA,NA,NA,NA,0.20942236,6.91970117265943,1.1893671946176907,0.001,NA
2019-04-20T17:00:00Z,13.610111388888889,33.74218694444445,37.002946845277776,-158.00077447444446,0.2089716,NA,NA,NA,NA,NA,NA,0.2089716,6.829542958500401,1.1749415932761138,0.001,NA
2019-04-20T18:00:00Z,13.584404704463209,33.734686067551266,37.00285289505428,-158.00038464083232,0.21052686,NA,NA,NA,NA,NA,NA,0.21052686,6.7251809107008595,1.1580643659174743,0.001,NA
2019-04-20T19:00:00Z,13.621802112284602,33.73440633685381,37.002895180100055,-158.00036524652586,0.1926655,NA,NA,NA,NA,NA,NA,0.1926655,6.6056720787933925,1.1385750505315337,0.001,NA
2019-04-20T20:00:00Z,13.6148025,33.73292138888889,36.9922486625,-158.00053071222223,0.1998824,NA,NA,NA,NA,NA,NA,0.1998824,6.47015720175413,1.1163276287597574,0.001,NA
2019-04-20T21:00:00Z,13.629368333333334,33.71901777777778,36.851048554722226,-158.0002110088889,0.27566223333333334,6.317851624954194,1.0911889365176275,NA,NA,NA,NA,0.27566223333333334,6.317851624954194,1.0911889365176275,0.001,NA
2019-04-20T22:00:00Z,13.494543888888888,33.67612638888889,36.667743325277776,-157.9997136388889,0.33666745,NA,NA,NA,NA,NA,NA,0.33666745,5.499427063638317,0.9447627221680053,0.001,NA
2019-04-20T23:00:00Z,13.695029722222221,33.77796277777778,36.495751193333334,-157.99916640777778,0.3714356,4.681002502322439,0.7983365078183831,NA,NA,NA,NA,0.3714356,4.681002502322439,0.7983365078183831,0.001,NA
2019-04-21T00:00:00Z,14.09242468856172,33.917109286523214,36.33683984626274,-157.99937700962627,0.3037186530612245,6.198065677433805,1.0543439821030371,NA,NA,NA,NA,0.3037186530612245,6.198065677433805,1.0543439821030371,0.001,NA
2019-04-21T01:00:00Z,14.797426666666667,34.08851611111111,36.165800571666665,-157.9997119575,0.17528218,NA,NA,NA,NA,NA,NA,0.17528218,5.857617316542118,0.998667556797769,0.001,NA
2019-04-21T02:00:00Z,14.603188333333334,34.02974944444445,35.991672305555554,-157.99906070611112,0.20188664,NA,NA,NA,NA,NA,NA,0.20188664,5.247716637474098,0.8995925790340602,0.001,NA
2019-04-21T03:00:00Z,14.924616944444445,34.10105222222222,35.82364886472222,-157.9991744597222,0.1690586,4.563742838092616,0.7883055105010306,NA,NA,NA,NA,0.1690586,4.563742838092616,0.7883055105010306,0.001,NA
2019-04-21T04:00:00Z,15.095760833333333,34.135509166666665,35.64893679861111,-157.99966540777777,0.15578772,NA,NA,NA,NA,NA,NA,0.15578772,3.097651592108774,0.5418686512672704,0.001,NA
2019-04-21T05:00:00Z,14.910330277777778,34.114351944444444,35.49827357611111,-158.00007890305557,0.16953044,1.631560346124932,0.2954317920335101,NA,NA,NA,NA,0.16953044,1.631560346124932,0.2954317920335101,0.001,NA
2019-04-21T06:00:00Z,15.0012,34.147421944444446,35.33025421055556,-157.9981019402778,0.1587415,NA,NA,NA,NA,NA,NA,0.1587415,2.1602887981269765,0.3832180744083572,0.001,NA
2019-04-21T07:00:00Z,15.165190833333334,34.21148916666667,35.15968670111111,-157.99888255416667,0.13449912,NA,NA,NA,NA,NA,NA,0.13449912,3.1191314724264716,0.5419261894614796,0.001,NA
2019-04-21T08:00:00Z,14.9397825,34.08547138888889,34.98458132555555,-157.99998747305557,0.11728512,3.615215036991637,0.6242133600062792,NA,NA,NA,NA,0.11728512,3.615215036991637,0.6242133600062792,0.001,NA
2019-04-21T09:00:00Z,15.283040555555555,34.20635527777778,34.810716606944446,-157.9999162375,0.1056656,2.847851524337983,0.5093019365921477,NA,NA,NA,NA,0.1056656,2.847851524337983,0.5093019365921477,0.001,NA
2019-04-21T10:00:00Z,15.324397777777778,34.22383472222222,34.62769353777778,-157.99947196888888,0.10991624,NA,NA,NA,NA,NA,NA,0.10991624,3.637152451357366,0.6351549528749505,0.001,NA
2019-04-21T11:00:00Z,15.17294388888889,34.10943805555556,34.449154300000004,-157.99960132333334,0.12456496,4.426453378376749,0.7610079691577532,NA,NA,NA,NA,0.12456496,4.426453378376749,0.7610079691577532,0.001,NA
2019-04-21T12:00:00Z,15.373577222222222,34.16540583333333,34.266715336666664,-157.99966236333333,0.11201472,3.7285888999723182,0.6919599580289771,NA,NA,NA,NA,0.11201472,3.7285888999723182,0.6919599580289771,0.001,NA
2019-04-21T13:00:00Z,15.948984444444445,34.271121111111114,34.08682679277778,-157.99978953472223,0.08707197959183674,NA,NA,NA,NA,NA,NA,0.08707197959183674,3.401669427305013,0.6231192996432171,0.001,NA
2019-04-21T14:00:00Z,16.531281944444444,34.392538333333334,33.90210963333333,-158.0005445025,0.07986088,3.221811002254438,0.5550813492868834,NA,NA,NA,NA,0.07986088,3.221811002254438,0.5550813492868834,0.001,NA
2019-04-21T15:00:00Z,16.684408666867288,34.4255579295817,33.72860547035811,-157.9997845753837,0.07644358,3.410246501955238,0.5661055138624371,NA,NA,NA,NA,0.07644358,3.410246501955238,0.5661055138624371,0.001,NA
2019-04-21T16:00:00Z,16.965534458106948,34.51180783528739,33.5625116499857,-157.9991678092651,0.07015632,NA,NA,NA,NA,NA,NA,0.07015632,3.3970307160116593,0.5716476177706232,0.001,NA
2019-04-21T17:00:00Z,17.233963055555556,34.57818555555556,33.39929178861111,-158.00002575444444,0.06884014,3.382582896359662,0.5760687623520871,NA,NA,NA,NA,0.06884014,3.382582896359662,0.5760687623520871,0.001,NA
2019-04-21T18:00:00Z,17.206006666666667,34.55436777777778,33.21544842055555,-157.99965333972222,0.06559518,NA,NA,NA,NA,NA,NA,0.06559518,3.3667456907363964,0.5793773454060034,0.001,NA
2019-04-21T19:00:00Z,17.182830555555554,34.5801375,33.03160981222222,-158.00011117611112,0.06178796,NA,NA,NA,NA,NA,NA,0.06178796,3.348247922798372,0.5807845804474442,0.001,NA
2019-04-21T20:00:00Z,17.186083333333332,34.5723575,32.932819315833335,-158.00099391583333,0.05917382,NA,NA,NA,NA,NA,NA,0.05917382,3.327139588838886,0.5803721104381999,0.001,NA
2019-04-21T21:00:00Z,17.2186875,34.57402888888889,32.93304914972222,-158.00054017472223,0.06023626,NA,NA,NA,NA,NA,NA,0.06023626,3.3034772927077896,0.5782279480658779,0.001,NA
2019-04-21T22:00:00Z,17.30344861111111,34.57547916666667,32.93281025305556,-158.00122508444446,0.05730366,NA,NA,NA,NA,NA,NA,0.05730366,3.2773253746857773,0.5744471093032124,0.001,NA
2019-04-21T23:00:00Z,17.367466365688486,34.57560767494357,32.9331393462754,-158.00093395665914,0.05802723076923077,NA,NA,NA,NA,NA,NA,0.05802723076923077,3.2487572799827444,0.5691323241219157,0.001,NA
2019-04-22T00:00:00Z,17.424200111172873,34.57470650361312,32.933494032796,-157.99962102445804,0.05428805,NA,NA,NA,NA,NA,NA,0.05428805,3.217857228378629,0.5623948355499826,0.001,NA
2019-04-22T01:00:00Z,17.476954166666665,34.574557222222225,32.9336266425,-157.9998582,0.05421056,NA,NA,NA,NA,NA,NA,0.05421056,3.184722265262062,0.5543553001550048,0.001,NA
2019-04-22T02:00:00Z,17.57101114285714,34.57072742857143,32.93376257085714,-158.000097848,0.05122788,NA,NA,NA,NA,NA,NA,0.05122788,3.149464799733378,0.54514480529803,0.001,NA
2019-04-22T03:00:00Z,17.632583611111112,34.565153611111114,32.933188855,-157.9986885238889,0.05225192,NA,NA,NA,NA,NA,NA,0.05225192,3.1122157702744175,0.5349060212141881,0.001,NA
2019-04-22T04:00:00Z,17.661951666666667,34.56087388888889,32.93310936138889,-157.99852308055554,0.05088182,NA,NA,NA,NA,467.78747839480167,5.137937470315026,0.05088182,3.0731286267989613,0.5237945092392777,0.001,NA
2019-04-22T05:00:00Z,17.622350277777777,34.55877583333333,32.93520102055555,-158.00009589777778,0.05232124,NA,NA,NA,NA,NA,NA,0.05232124,3.0323843857365698,0.5119802114431791,0.001,NA
2019-04-22T06:00:00Z,17.52286611111111,34.58447972222222,33.02680025222222,-158.0013367936111,0.05554814,NA,NA,NA,NA,NA,NA,0.05554814,2.9901981113515452,0.49964915171188373,0.001,NA
2019-04-22T07:00:00Z,17.501771666666667,34.58166333333333,33.00706769944445,-157.99991227722222,0.05467216,NA,NA,NA,NA,NA,NA,0.05467216,2.9468273159241334,0.48700538414348993,0.001,NA
2019-04-22T08:00:00Z,17.536798611111113,34.55424916666667,32.93523346194444,-157.99967774972222,0.05304926,NA,NA,NA,NA,NA,NA,0.05304926,2.9025829759778214,0.47427323174859454,0.001,NA
2019-04-22T09:00:00Z,17.532521944444444,34.55316694444445,32.933447721111115,-157.99990463722222,0.05185946,NA,NA,NA,NA,NA,NA,0.05185946,2.857844167081553,0.46169986720357314,0.001,NA
2019-04-22T10:00:00Z,17.539408203125,34.55297991071429,32.933597330357145,-157.99995874469866,0.05266638,NA,NA,NA,NA,NA,NA,0.05266638,2.8130777842621755,0.4495582982229734,0.001,NA
2019-04-22T11:00:00Z,17.52748285117805,34.55359498956159,32.93328285833582,-157.99971025708322,0.05180284,NA,NA,NA,NA,NA,NA,0.05180284,2.768865536579001,0.4381508335473055,0.001,NA
2019-04-22T12:00:00Z,17.527380833333332,34.55408722222222,32.93313498972222,-157.9996115486111,0.05161452,NA,NA,NA,NA,NA,NA,0.05161452,2.7259415512919825,0.42781312230514745,0.001,NA
2019-04-22T13:00:00Z,17.526006111111112,34.556036388888884,32.93304169333334,-158.00014175944443,0.05400178,NA,NA,NA,NA,NA,NA,0.05400178,2.6852457934606453,0.4189188805485889,0.001,NA
2019-04-22T14:00:00Z,17.527813055555555,34.557606666666665,32.933203104722224,-158.00013750666668,0.0548863,NA,NA,NA,NA,NA,NA,0.0548863,2.64800164613593,0.4118854453268066,0.001,NA
2019-04-22T15:00:00Z,17.516873611111112,34.56036888888889,32.933438888333335,-158.0001584961111,0.05650022,NA,NA,NA,NA,NA,NA,0.05650022,2.6158314390417523,0.407180330414877,0.001,NA
2019-04-22T16:00:00Z,17.483194722222223,34.56335555555555,32.93335765527778,-158.0000208,0.0569568,NA,NA,NA,NA,NA,NA,0.0569568,2.590933504331078,0.40532900098084323,0.001,NA
2019-04-22T17:00:00Z,17.463868812632857,34.57239416945035,32.952219333434556,-158.0019563972062,0.06250758000000001,NA,NA,NA,NA,NA,NA,0.06250758000000001,2.5763627118829446,0.4069241400640442,0.001,NA
2019-04-22T18:00:00Z,17.44072138888889,34.565357222222225,33.111418423055554,-158.0018826525,0.0640648,NA,NA,NA,NA,NA,NA,0.0640648,2.5764926566567348,0.41263675185628906,0.001,NA
2019-04-22T19:00:00Z,17.485221944444444,34.564045,33.29924678166667,-157.9982678125,0.06141286,2.597813326343429,0.4232295410716803,0.001,NA,NA,NA,0.06141286,2.597813326343429,0.4232295410716803,0.001,NA
2019-04-22T20:00:00Z,17.350849166666666,34.56848388888889,33.48240659472222,-158.00021347027777,0.06602966,NA,NA,0.001,NA,NA,NA,0.06602966,2.872378379148946,0.44458729189424817,0.001,NA
2019-04-22T21:00:00Z,16.876177777777777,34.4185,33.663071206944444,-158.0001002897222,0.07831164,3.1469434319544627,0.4688549585599745,NA,NA,NA,NA,0.07831164,3.1469434319544627,0.4688549585599745,0.001,NA
2019-04-22T22:00:00Z,16.703712222222222,34.33719166666667,33.85147310861111,-157.99962659583332,0.08571324,NA,NA,0.001,NA,NA,NA,0.08571324,3.1757755158219894,0.49645135299684784,0.001,NA
2019-04-22T23:00:00Z,16.1413113705866,34.189876007784264,34.02969909257715,-158.00002442869058,0.11714712000000001,NA,NA,0.001,NA,NA,NA,0.11714712000000001,3.201593335369644,0.5295880199036334,0.001,NA
2019-04-23T00:00:00Z,15.561518244013683,34.09203905359179,34.19726532639681,-158.00011245153934,0.1516893469387755,NA,NA,0.001,NA,NA,NA,0.1516893469387755,3.228200207722532,0.5658693635706322,0.001,NA
2019-04-23T01:00:00Z,15.372514444444445,34.08584277777778,34.359497725,-158.0000146011111,0.16886826,3.256243238784825,0.5903210812472923,0.001,NA,NA,NA,0.16886826,3.256243238784825,0.5903210812472923,0.001,NA
2019-04-23T02:00:00Z,15.435129480411225,34.15372214504029,34.52138710808558,-158.00060490830788,0.1583789,NA,NA,0.001,NA,NA,NA,0.1583789,3.2852572393983324,0.5818447509410584,0.001,NA
2019-04-23T03:00:00Z,15.199596666666666,34.10499444444444,34.6796210675,-158.00036183444445,0.15910484,3.315588642774083,0.5733684206348244,0.001,NA,NA,NA,0.15910484,3.315588642774083,0.5733684206348244,0.001,NA
2019-04-23T04:00:00Z,14.92888,34.019915,34.84692057555556,-158.00049763888887,0.15847786,NA,NA,0.001,NA,NA,NA,0.15847786,3.766752247468084,0.6424396298114495,0.001,NA
2019-04-23T05:00:00Z,14.833835277777778,34.01842583333333,35.009550008055555,-158.0010129552778,0.14648776,4.217915852162085,0.7115108389880747,0.001,NA,NA,NA,0.14648776,4.217915852162085,0.7115108389880747,0.001,NA
2019-04-23T06:00:00Z,14.918498055555556,34.12815666666667,35.16899251555556,-158.001284755,0.19778968,NA,NA,0.001,NA,NA,NA,0.19778968,4.433082255292768,0.7701252134837943,0.001,NA
2019-04-23T07:00:00Z,15.002312162971839,34.15648621929299,35.33148656470941,-158.0001165922708,0.18062978,4.590421545923228,0.8184278402781451,0.001,NA,NA,NA,0.18062978,4.590421545923228,0.8184278402781451,0.001,NA
2019-04-23T08:00:00Z,14.908243888888888,34.135275,35.50113587861111,-157.99993544861113,0.16468554,NA,NA,0.001,NA,NA,NA,0.16468554,4.649026565519733,0.8272822643738453,0.001,NA
2019-04-23T09:00:00Z,14.603233611111111,34.02717583333333,35.67398195111111,-158.00008621277777,0.18057332,NA,NA,0.001,NA,NA,NA,0.18057332,4.6914713662178205,0.8333667049494646,0.001,NA
2019-04-23T10:00:00Z,14.321869166666666,33.92282222222222,35.8055610575,-157.99983058944446,0.1765525,NA,NA,0.001,NA,NA,NA,0.1765525,4.729806688701036,0.8385985627093877,0.001,NA
2019-04-23T11:00:00Z,14.296969444444445,33.91530083333333,35.81147002638889,-157.99795326055556,0.1763972,NA,NA,NA,NA,NA,NA,0.1763972,4.768800353090232,0.8438829280377685,NA,NA
2019-04-23T12:00:00Z,14.294109444444445,33.917995,35.815161215277776,-157.99666297222223,0.17774124,NA,NA,NA,NA,NA,NA,0.17774124,4.810716937014001,0.8497027574770235,NA,NA
2019-04-23T13:00:00Z,14.397695277777778,33.979683055555554,35.93783274277778,-157.99908507805554,0.19132562,NA,NA,NA,NA,NA,NA,0.19132562,4.856770003076716,0.8563392784081856,NA,NA
2019-04-23T14:00:00Z,14.401208888888888,34.02798638888889,36.11319320194445,-157.9998875511111,0.20258344,4.907668442220871,0.8639673572233633,NA,NA,NA,NA,0.20258344,4.907668442220871,0.8639673572233633,NA,NA
2019-04-23T15:00:00Z,14.351803888888888,34.02644361111111,36.28619719722222,-157.9996343213889,0.1945672,NA,NA,NA,NA,NA,NA,0.1945672,5.23897938367205,0.9221857098891896,NA,NA
2019-04-23T16:00:00Z,13.859515555555555,33.85671611111111,36.458961595,-157.99680143194445,0.24702338,NA,NA,NA,NA,NA,NA,0.24702338,5.956560452977705,1.0496382189846014,NA,NA
2019-04-23T17:00:00Z,13.321203055555555,33.711177222222226,36.636587221111114,-158.0023569525,0.37014718,NA,NA,NA,NA,NA,NA,0.37014718,6.718601674513221,1.18471649989262,NA,NA
2019-04-23T18:00:00Z,13.327751666666666,33.69245,36.81837278472222,-158.00295806138888,0.254695,7.005452463734539,1.2353090807458398,NA,NA,NA,NA,0.254695,7.005452463734539,1.2353090807458398,NA,NA
2019-04-23T19:00:00Z,13.403401944444445,33.71543694444445,37.00218624777778,-158.00035403333334,0.25459964,NA,NA,NA,NA,NA,NA,0.25459964,6.629567645566542,1.1630687324242448,NA,NA
2019-04-23T20:00:00Z,13.278013611111112,33.748874444444446,37.189324515277775,-158.00050825916668,0.35756452,6.2536828273985465,1.09082838410265,NA,NA,NA,NA,0.35756452,6.2536828273985465,1.09082838410265,NA,NA
2019-04-23T21:00:00Z,13.187072222222222,33.77450944444445,37.375735104722224,-158.00021099694445,0.3935185,NA,NA,NA,NA,NA,NA,0.3935185,6.7455304603847726,1.160633372674623,NA,NA
2019-04-23T22:00:00Z,13.137168055555556,33.72914638888889,37.56252765916667,-158.00013877166666,0.3495659,7.237378093370999,1.230438361246596,NA,NA,NA,NA,0.3495659,7.237378093370999,1.230438361246596,NA,NA
2019-04-23T23:00:00Z,13.0656875,33.714827222222226,37.752944293333336,-157.99997905055557,0.35314066,NA,NA,NA,NA,NA,NA,0.35314066,7.162319522834961,1.1984489677452377,NA,NA
2019-04-24T00:00:00Z,13.033624929971989,33.71661680672269,37.94421695182073,-158.00018961540616,0.3752895,7.087260952298925,1.1664595742438792,NA,NA,NA,NA,0.3752895,7.087260952298925,1.1664595742438792,NA,NA
2019-04-24T01:00:00Z,12.495767229053474,33.55842636545611,38.13285397683729,-158.00027155533314,0.50153382,NA,NA,NA,NA,NA,NA,0.50153382,7.319883468860586,1.1906312592836623,NA,NA
2019-04-24T02:00:00Z,12.357027222222221,33.57474416666667,38.320933618611114,-158.0003357275,0.36879114,NA,NA,NA,NA,NA,NA,0.36879114,7.631839575309858,1.2207629644427493,NA,NA
2019-04-24T03:00:00Z,12.124000555555556,33.578792222222226,38.50651952361111,-157.9999899913889,0.30159710869565215,7.875450026929659,1.2458413820013132,NA,NA,NA,NA,0.30159710869565215,7.875450026929659,1.2458413820013132,NA,NA
2019-04-24T04:00:00Z,12.053785714285715,33.593584443099274,38.6769296937046,-158.00217001150122,0.32948288,NA,NA,NA,NA,NA,NA,0.32948288,6.036889258385589,0.9714448277203325,NA,NA
2019-04-24T05:00:00Z,12.096479444444444,33.606497777777776,38.842617574722226,-157.9976474236111,0.35744508,4.198328489841518,0.6970482734393518,NA,NA,NA,NA,0.35744508,4.198328489841518,0.6970482734393518,NA,NA
2019-04-24T06:00:00Z,12.092590833333333,33.603833055555555,39.02156397555556,-157.99961982083335,0.31957716,NA,NA,NA,NA,NA,NA,0.31957716,4.315867561092727,0.7392133751293037,NA,NA
2019-04-24T07:00:00Z,11.696854444444444,33.51786388888889,39.20257521472222,-158.0005116647222,0.34499040000000003,4.433406632343935,0.7813784768192558,NA,NA,NA,NA,0.34499040000000003,4.433406632343935,0.7813784768192558,NA,NA
2019-04-24T08:00:00Z,11.52243,33.47989444444445,39.38410927527778,-158.00040762777778,0.32435652,NA,NA,NA,NA,NA,NA,0.32435652,4.5464185728630735,0.8163708247679572,NA,NA
2019-04-24T09:00:00Z,11.777312586829675,33.59067435398722,39.56680192525702,-158.00044944679078,0.30519748,NA,NA,NA,NA,NA,NA,0.30519748,4.6552716385279,0.8466173326825819,NA,NA
2019-04-24T10:00:00Z,11.631820833333334,33.581338611111114,39.73550884416667,-158.0003656275,0.32758088,NA,NA,NA,NA,NA,NA,0.32758088,4.7604233914091605,0.8731257561356643,NA,NA
2019-04-24T11:00:00Z,11.494539166666666,33.568827222222225,39.91346022555555,-158.00022921333334,0.27266328,NA,NA,NA,NA,NA,NA,0.27266328,4.8625267793444165,0.8970655759514017,NA,NA
2019-04-24T12:00:00Z,11.531278888888888,33.56239333333333,40.10710830194444,-158.00029569111112,0.27185604,NA,NA,NA,NA,NA,NA,0.27185604,4.962546890703335,0.9198017964082281,NA,NA
2019-04-24T13:00:00Z,11.676674444444444,33.58066111111111,40.30019439666667,-157.99995034833333,0.3399726,NA,NA,NA,NA,NA,NA,0.3399726,5.061972794617989,0.9429375891600396,NA,NA
2019-04-24T14:00:00Z,11.254005,33.54336166666667,40.49452934888889,-157.9999328502778,0.35099376,NA,NA,NA,NA,NA,NA,0.35099376,5.163228999567853,0.9683686070345386,NA,NA
2019-04-24T15:00:00Z,10.473518888888888,33.39933444444444,40.69026913527778,-157.99884372611112,0.39674571999999997,NA,NA,NA,NA,NA,NA,0.39674571999999997,5.2705468685852175,0.9983528715867198,NA,NA
2019-04-24T16:00:00Z,10.080793611111112,33.27448888888889,40.88062339555555,-157.99913987805556,0.594217,5.392033209527941,1.035601705704667,NA,NA,NA,NA,0.594217,5.392033209527941,1.035601705704667,NA,NA
2019-04-24T17:00:00Z,10.058740653517809,33.293297615543125,41.066278808360316,-158.00027956608773,0.65567766,NA,NA,NA,NA,NA,NA,0.65567766,7.281074415061194,1.2646249883660394,NA,NA
2019-04-24T18:00:00Z,10.038975555555556,33.327801944444445,41.2607004325,-158.0005074952778,0.64158358,9.170115620594446,1.493648271027412,NA,NA,NA,NA,0.64158358,9.170115620594446,1.493648271027412,NA,NA
2019-04-24T19:00:00Z,9.886910555555556,33.29859611111111,41.455236550555554,-157.9997823025,0.50702534,NA,NA,NA,NA,NA,NA,0.50702534,7.846247532226774,1.263689429603529,NA,NA
2019-04-24T20:00:00Z,9.6419775,33.25757083333333,41.64901678166667,-157.9997878125,0.31678286,6.522379443859101,1.033730588179646,NA,NA,NA,NA,0.31678286,6.522379443859101,1.033730588179646,NA,NA
2019-04-24T21:00:00Z,9.537411111111112,33.2491875,41.84316360166667,-157.99989048,0.39790628,NA,NA,NA,NA,NA,NA,0.39790628,6.471286139459495,1.0571471026482298,NA,NA
2019-04-24T22:00:00Z,9.189838333333332,33.10957833333333,42.02963359305556,-157.9996377588889,0.59653094,6.42338079535385,1.0842679254576046,NA,NA,NA,NA,0.59653094,6.42338079535385,1.0842679254576046,NA,NA
2019-04-24T23:00:00Z,9.1046979423868315,33.074627160493826,42.14282626831276,-157.99945393909465,0.6382016190476191,NA,NA,NA,NA,NA,NA,0.6382016190476191,7.0470282888327835,1.2093268133402535,NA,NA
2019-04-25T00:00:00Z,9.221684824902724,33.103415786548084,42.33373749249583,-158.0005576036687,0.88884965,7.670675782311717,1.3343857012229023,NA,NA,NA,NA,0.88884965,7.670675782311717,1.3343857012229023,NA,NA
2019-04-25T01:00:00Z,9.22381888888889,33.103921666666665,42.333863147222225,-158.00046267833332,0.89778786,NA,NA,NA,NA,NA,NA,0.89778786,7.431928535883622,1.2865622243496135,NA,NA
2019-04-25T02:00:00Z,9.228714761040532,33.1041442831216,42.332994189655174,-157.99964339201452,0.89136404,6.939657606229284,1.1877339545708574,NA,NA,NA,NA,0.89136404,6.939657606229284,1.1877339545708574,NA,NA
2019-04-25T03:00:00Z,9.213002222222222,33.10040583333333,42.33297340805556,-157.9996281122222,0.86934218,NA,NA,NA,NA,NA,NA,0.86934218,NA,NA,NA,NA
2019-04-25T04:00:00Z,9.220738333333333,33.105160833333336,42.28555624388889,-157.99986562666666,0.7815126,NA,NA,NA,NA,NA,NA,0.7815126,NA,NA,NA,NA
2019-04-25T05:00:00Z,9.08909388888889,33.07154638888889,42.10304875222222,-157.99993762055556,0.6671488799999999,NA,NA,NA,NA,NA,NA,0.6671488799999999,NA,NA,NA,NA
2019-04-25T06:00:00Z,9.445025277777777,33.20642277777778,41.91137097916667,-158.00002038222223,0.510414,NA,NA,NA,NA,NA,NA,0.510414,NA,NA,NA,NA
2019-04-25T07:00:00Z,9.632888333333334,33.256610277777774,41.72712152555555,-157.99982788638889,0.34046226,NA,NA,NA,0.5835724039307101,NA,NA,0.34046226,NA,NA,NA,0.5835724039307101
2019-04-25T08:00:00Z,9.780003333333333,33.272730277777775,41.54387917277778,-157.9996723111111,0.30157984,NA,NA,NA,0.5869014637694733,NA,NA,0.30157984,NA,NA,NA,0.5869014637694733
2019-04-25T09:00:00Z,10.049691388888888,33.329837222222224,41.36142842277778,-157.99942057805555,0.5848677,NA,NA,NA,0.5865401202842424,NA,NA,0.5848677,NA,NA,NA,0.5865401202842424
2019-04-25T10:00:00Z,10.118672777777778,33.32129,41.18121051333333,-157.99972422694444,0.58013026,NA,NA,NA,0.5983274543675038,NA,NA,0.58013026,NA,NA,NA,0.5983274543675038
2019-04-25T11:00:00Z,10.082701111111112,33.276316944444446,40.998439562777776,-157.99954995416667,0.56353364,NA,NA,NA,0.582301847295733,NA,NA,0.56353364,NA,NA,NA,0.582301847295733
2019-04-25T12:00:00Z,10.395725833333334,33.399638611111115,40.81179713888889,-157.99964870388888,0.35209296,NA,NA,NA,NA,678.4788529503463,9.20996758248276,0.35209296,NA,NA,NA,0.5487749305093508
2019-04-25T13:00:00Z,10.581840555555555,33.448036944444446,40.630894095833334,-157.99936325333334,0.2706364,NA,NA,NA,0.49597385444459485,NA,NA,0.2706364,NA,NA,NA,0.49597385444459485
2019-04-25T14:00:00Z,11.319138333333333,33.54196611111111,40.45007203777778,-157.9989375088889,0.33098868,NA,NA,NA,0.3981404952601461,NA,NA,0.33098868,NA,NA,NA,0.3981404952601461
2019-04-25T15:00:00Z,11.683855555555555,33.58607555555556,40.27084249333333,-157.99926818277777,0.38480134,NA,NA,NA,0.27452445576457174,NA,NA,0.38480134,NA,NA,NA,0.27452445576457174
2019-04-25T16:00:00Z,11.454625833333333,33.55674666666667,40.09146936138889,-157.99966957777778,0.33540666,NA,NA,NA,0.22796933300581684,NA,NA,0.33540666,NA,NA,NA,0.22796933300581684
2019-04-25T17:00:00Z,11.456624722222223,33.57293083333333,39.91231195583333,-157.99970132222222,0.31285788,NA,NA,NA,0.21446186719056146,NA,NA,0.31285788,NA,NA,NA,0.21446186719056146
2019-04-25T18:00:00Z,11.582741666666667,33.58596,39.73412926861111,-157.99947573444445,0.36428426,NA,NA,NA,0.23759868548752386,NA,NA,0.36428426,NA,NA,NA,0.23759868548752386
2019-04-25T19:00:00Z,11.722256944444444,33.59404694444444,39.55043824055556,-157.9999515413889,0.37598984,NA,NA,NA,0.1942014353096362,NA,NA,0.37598984,NA,NA,NA,0.1942014353096362
2019-04-25T20:00:00Z,11.602975833333334,33.521903055555555,39.36656278444445,-157.99970509472223,0.30913116,NA,NA,NA,0.1843557537148626,NA,NA,0.30913116,NA,NA,NA,0.1843557537148626
2019-04-25T21:00:00Z,11.737813333333333,33.54119083333333,39.1820992475,-157.99947086305556,0.34962626,NA,NA,NA,0.19069563869713602,NA,NA,0.34962626,NA,NA,NA,0.19069563869713602
2019-04-25T22:00:00Z,12.012465277777778,33.58955666666667,38.998761035,-157.99943513694444,0.25105244,NA,NA,NA,0.17019938160042034,NA,NA,0.25105244,NA,NA,NA,0.17019938160042034
2019-04-25T23:00:00Z,12.013102556976097,33.59279794330183,38.81273662729294,-157.9995872823791,0.29546528,NA,NA,NA,0.2114309894109429,NA,NA,0.29546528,NA,NA,NA,0.2114309894109429
2019-04-26T00:00:00Z,12.047441867561794,33.60629722306988,38.62184385505035,-157.99968844675007,0.39031174,NA,NA,NA,0.1988332165227046,NA,NA,0.39031174,NA,NA,NA,0.1988332165227046
2019-04-26T01:00:00Z,12.286082222222221,33.58919388888889,38.44231621638889,-157.99984573916666,0.30096726,NA,NA,NA,0.1520474906491314,NA,NA,0.30096726,NA,NA,NA,0.1520474906491314
2019-04-26T02:00:00Z,12.424484722222223,33.550554444444444,38.258567899166664,-157.99972683055555,0.42824178,NA,NA,NA,0.168912815457676,NA,NA,0.42824178,NA,NA,NA,0.168912815457676
2019-04-26T03:00:00Z,12.9198775,33.69822388888889,38.07978548944445,-158.0012814736111,0.369726,NA,NA,NA,0.18341145139836665,NA,NA,0.369726,NA,NA,NA,0.18341145139836665
2019-04-26T04:00:00Z,13.015552777777778,33.726885277777775,37.906183685,-158.00017301055556,0.33151444,NA,NA,NA,0.19928456183147425,NA,NA,0.33151444,NA,NA,NA,0.19928456183147425
2019-04-26T05:00:00Z,12.93936,33.67953694444444,37.73406374555556,-157.9992749375,0.3013584,NA,NA,NA,0.24377667773953793,NA,NA,0.3013584,NA,NA,NA,0.24377667773953793
2019-04-26T06:00:00Z,13.23460388888889,33.800891388888886,37.559391573333336,-158.00090054833333,0.3025771428571429,NA,NA,NA,0.22420612159180386,NA,NA,0.3025771428571429,NA,NA,NA,0.22420612159180386
2019-04-26T07:00:00Z,13.677795833333333,33.98177388888889,37.38439313388889,-158.00003980611112,NA,NA,NA,NA,0.14410878770646351,NA,NA,0.29914001776700966,NA,NA,NA,0.14410878770646351
2019-04-26T08:00:00Z,13.475698333333334,33.906675,37.2105047975,-157.9999504311111,NA,NA,NA,NA,0.15061941513383573,NA,NA,0.289144869396561,NA,NA,NA,0.15061941513383573
2019-04-26T09:00:00Z,13.29232388888889,33.68843777777778,37.03971162222222,-158.00021618833333,NA,NA,NA,NA,0.18090494807848187,NA,NA,0.27507340584704365,NA,NA,NA,0.18090494807848187
2019-04-26T10:00:00Z,13.395113333333333,33.71402611111111,36.87117889583333,-158.00000691472223,NA,NA,NA,NA,0.18741668582006574,NA,NA,0.2582954130627189,NA,NA,NA,0.18741668582006574
2019-04-26T11:00:00Z,13.306326111111112,33.72810694444445,36.69973653583333,-157.99983999666668,NA,NA,NA,NA,0.2183257305963424,NA,NA,0.23962876858796456,NA,NA,NA,0.2183257305963424
2019-04-26T12:00:00Z,13.459700833333333,33.79080305555556,36.523066347222226,-157.99968912666668,NA,NA,NA,NA,0.23960390259704062,NA,NA,0.2195919703739622,NA,NA,NA,0.23960390259704062
2019-04-26T13:00:00Z,14.646877222222223,34.195658055555555,36.34640155333334,-157.99970350805555,NA,NA,NA,NA,0.14563836778584416,NA,NA,0.1985296351090541,NA,NA,NA,0.14563836778584416
2019-04-26T14:00:00Z,14.384793055555555,34.083487777777776,36.16792256027778,-157.99963250472223,0.17667975,NA,NA,NA,0.15057032007976417,NA,NA,0.17667975,NA,NA,NA,0.15057032007976417
2019-04-26T15:00:00Z,14.210580555555556,33.950493333333334,35.98942920694444,-157.9989645047222,0.15263286,NA,NA,NA,0.15492149877991546,NA,NA,0.15263286,NA,NA,NA,0.15492149877991546
2019-04-26T16:00:00Z,14.241151666666667,33.90340777777778,35.813167684444444,-157.9986214922222,0.10913381632653062,NA,NA,NA,0.179524883973233,NA,NA,0.10913381632653062,NA,NA,NA,0.179524883973233
2019-04-26T17:00:00Z,14.645674166666666,34.11611027777778,35.634172659166666,-157.99909996666668,0.15462205,NA,NA,NA,0.1685115365975955,NA,NA,0.15462205,NA,NA,NA,0.1685115365975955
2019-04-26T18:00:00Z,14.406936666666667,34.07721027777778,35.449604641111115,-158.00033890166668,0.18386758,NA,NA,NA,0.1463005551236695,NA,NA,0.18386758,NA,NA,NA,0.1463005551236695
2019-04-26T19:00:00Z,14.749647222222222,34.1693925,35.26176085444445,-158.00016305361112,0.17254568,NA,NA,NA,0.11965408332780406,NA,NA,0.17254568,NA,NA,NA,0.11965408332780406
2019-04-26T20:00:00Z,14.742398685338669,34.12439382680766,35.071876014004005,-157.999863915976,0.14495878,NA,NA,NA,0.1070781367469023,NA,NA,0.14495878,NA,NA,NA,0.1070781367469023
2019-04-26T21:00:00Z,14.820906184012067,34.059672398190045,34.884096959577676,-157.99955775535446,0.08738658,NA,NA,NA,0.11697722722409315,NA,NA,0.08738658,NA,NA,NA,0.11697722722409315
2019-04-26T22:00:00Z,15.094179166666667,34.1763075,34.70844114361111,-157.99944519694444,0.11233084,NA,NA,NA,0.09492049102126475,NA,NA,0.11233084,NA,NA,NA,0.09492049102126475
2019-04-26T23:00:00Z,15.210896111111111,34.191410833333336,34.530829535555554,-157.99986979333335,0.09834934,NA,NA,NA,0.0987535173826215,NA,NA,0.09834934,NA,NA,NA,0.0987535173826215
2019-04-27T00:00:00Z,15.234552931369825,34.14603167546541,34.348020515698806,-157.99974956932482,0.09059192,NA,NA,NA,0.08733264383139565,NA,NA,0.09059192,NA,NA,NA,0.08733264383139565
2019-04-27T01:00:00Z,15.3285425,34.144598611111114,34.164041706111114,-157.9997946625,0.10120328,NA,NA,NA,0.10543562533462043,NA,NA,0.10120328,NA,NA,NA,0.10543562533462043
2019-04-27T02:00:00Z,15.8499975,34.27001583333333,33.97832972277778,-157.9989982038889,0.09007326,NA,NA,NA,0.09262798764107093,NA,NA,0.09007326,NA,NA,NA,0.09262798764107093
2019-04-27T03:00:00Z,16.39505777777778,34.39512527777778,33.794300479166665,-157.99946464944443,0.06632508,NA,NA,NA,0.09081325628700615,NA,NA,0.06632508,NA,NA,NA,0.09081325628700615
2019-04-27T04:00:00Z,16.797965277777777,34.49701888888889,33.6139364325,-157.9995854977778,0.06356566,NA,NA,NA,0.0796431935252842,NA,NA,0.06356566,NA,NA,NA,0.0796431935252842
2019-04-27T05:00:00Z,17.005975700400228,34.542236706689536,33.431433034305314,-157.9996195637507,0.0563241,NA,NA,NA,0.0706562695065714,NA,NA,0.0563241,NA,NA,NA,0.0706562695065714
2019-04-27T06:00:00Z,17.107006944444443,34.56660194444444,33.24730970638889,-157.99904126833334,0.05825464,NA,NA,NA,0.07578543099022664,NA,NA,0.05825464,NA,NA,NA,0.07578543099022664
2019-04-27T07:00:00Z,17.28900888888889,34.58796638888889,33.06214878583334,-157.999727795,0.05453392,NA,NA,NA,0.07155177795749383,NA,NA,0.05453392,NA,NA,NA,0.07155177795749383
2019-04-27T08:00:00Z,17.5147775,34.606831666666665,32.87648762222222,-157.9995695936111,0.0458763,NA,NA,NA,0.05707896863787397,NA,NA,0.0458763,NA,NA,NA,0.05707896863787397
2019-04-27T09:00:00Z,17.994262222222222,34.76941055555555,32.69221968833333,-157.99988941444445,0.044366,NA,NA,NA,0.05444302557056186,NA,NA,0.044366,NA,NA,NA,0.05444302557056186
2019-04-27T10:00:00Z,18.217440833333335,34.81430666666667,32.5110945925,-157.99982931805556,0.0492701,NA,NA,NA,NA,NA,NA,0.0492701,NA,NA,NA,0.05362656472995487
2019-04-27T11:00:00Z,18.415693611111113,34.88776027777778,32.331260506944446,-157.99981939055556,0.05126912,NA,NA,NA,NA,NA,NA,0.05126912,NA,NA,NA,0.054648167610856405
2019-04-27T12:00:00Z,18.76571611111111,35.033345555555556,32.148603289444445,-157.99981605722223,0.0504943,NA,NA,NA,NA,NA,NA,0.0504943,NA,NA,NA,0.05807601325157749
2019-04-27T13:00:00Z,18.414582777777778,34.876064444444445,31.962922035000002,-157.999936745,0.05015784,NA,NA,NA,0.06473936166745708,NA,NA,0.05015784,NA,NA,NA,0.06473936166745708
2019-04-27T14:00:00Z,18.14432638888889,34.67420861111111,31.776744080833335,-157.99921234444443,0.04159782,NA,NA,NA,0.07780898761815921,NA,NA,0.04159782,NA,NA,NA,0.07780898761815921
2019-04-27T15:00:00Z,18.43760111111111,34.70876333333334,31.58998259166667,-157.99991020666667,0.03688062,NA,NA,NA,NA,NA,NA,0.03688062,NA,NA,NA,0.0774851673824053
2019-04-27T16:00:00Z,18.385036419238254,34.70488323603003,31.403648386989158,-157.9990073002502,0.04070342,NA,NA,NA,NA,NA,NA,0.04070342,NA,NA,NA,0.06997248112459839
2019-04-27T17:00:00Z,18.466347775516137,34.69247455655714,31.208548401570223,-157.999999869148,0.04187474,NA,NA,NA,NA,NA,NA,0.04187474,NA,NA,NA,0.0628648847594993
2019-04-27T18:00:00Z,18.769196165601556,34.829491803278685,31.019151199222005,-157.99897654070574,0.04256838,NA,NA,NA,0.06213597463103755,NA,NA,0.04256838,NA,NA,NA,0.06213597463103755
2019-04-27T19:00:00Z,19.3192525,35.02593805555556,30.82233259166667,-157.99988797694445,0.0468923,NA,NA,NA,0.0689377205691046,NA,NA,0.0468923,NA,NA,NA,0.0689377205691046
2019-04-27T20:00:00Z,19.603240833333334,35.061259166666666,30.62460673388889,-157.99883972416666,0.04916684,NA,NA,NA,0.06142825970267004,NA,NA,0.04916684,NA,NA,NA,0.06142825970267004
2019-04-27T21:00:00Z,19.833520844913842,35.11103251806559,30.430449281823236,-157.99944672040021,0.05043938,NA,NA,NA,NA,NA,NA,0.05043938,NA,NA,NA,NA
2019-04-27T22:00:00Z,19.86320983879933,35.117847415230685,30.23313424541412,-157.9997302893274,0.0449149,NA,NA,NA,NA,NA,NA,0.0449149,NA,NA,NA,NA
2019-04-27T23:00:00Z,20.215870761534184,35.1180611450806,30.028716767370764,-157.999598561423,0.05002318,NA,NA,NA,NA,NA,NA,0.05002318,NA,NA,NA,NA
2019-04-28T00:00:00Z,20.48531350436989,35.14493431068509,29.82677860642797,-157.99858979983085,0.050828899999999996,NA,NA,NA,NA,NA,NA,0.050828899999999996,NA,NA,NA,NA
2019-04-28T01:00:00Z,21.095044166666668,35.22766527777778,29.628828675833333,-157.9989822938889,0.058582920000000004,NA,NA,NA,NA,NA,NA,0.058582920000000004,NA,NA,NA,NA
2019-04-28T02:00:00Z,21.189055833333335,35.23359361111111,29.43156750416667,-157.998975715,0.0596457,NA,NA,NA,NA,515.0350042554812,5.829483411909403,0.0596457,NA,NA,NA,NA
2019-04-28T03:00:00Z,20.86530861111111,35.203023888888886,29.23007438388889,-157.99988147166667,0.06081854,NA,NA,NA,NA,NA,NA,0.06081854,NA,NA,NA,NA
2019-04-28T04:00:00Z,20.824450555555558,35.19459666666667,29.0215342125,-157.9988194961111,0.06130748,NA,NA,NA,NA,NA,NA,0.06130748,NA,NA,NA,NA
2019-04-28T05:00:00Z,21.058593941078378,35.19224958310173,28.812498623123957,-158.00052677765424,0.06697574,NA,NA,NA,NA,NA,NA,0.06697574,NA,NA,NA,NA
2019-04-28T06:00:00Z,21.48685523756599,35.19906863017505,28.6095751511531,-158.00058188607946,0.06577556,NA,NA,NA,NA,NA,NA,0.06577556,NA,NA,NA,NA
2019-04-28T07:00:00Z,22.02034324092598,35.2290568733924,28.409288799942843,-158.00003302743642,0.06671532,NA,NA,NA,NA,NA,NA,0.06671532,NA,NA,NA,NA
2019-04-28T08:00:00Z,21.536198333333335,35.19454944444445,28.20863808388889,-157.9994249388889,0.06989038,NA,NA,NA,NA,NA,NA,0.06989038,NA,NA,NA,NA
2019-04-28T09:00:00Z,22.61833,35.19678138888889,28.00990105638889,-157.99979592472224,0.077336,NA,NA,NA,NA,NA,NA,0.077336,NA,NA,NA,NA
2019-04-28T10:00:00Z,22.96214972222222,35.20880861111111,27.814088650833334,-157.9997675286111,0.07916444,NA,NA,NA,NA,NA,NA,0.07916444,NA,NA,NA,NA
2019-04-28T11:00:00Z,22.95692777777778,35.206540833333335,27.61810247416667,-157.99994210166668,0.07806184000000001,NA,NA,NA,NA,NA,NA,0.07806184000000001,NA,NA,NA,NA
2019-04-28T12:00:00Z,23.003576751117734,35.16926050670641,27.424673679284652,-157.99998122831593,0.07769398,NA,NA,NA,NA,NA,NA,0.07769398,NA,NA,NA,NA
2019-04-28T13:00:00Z,23.013831295163982,35.16232045580878,27.226160972762646,-158.0000100725403,0.0746021,NA,NA,NA,NA,NA,NA,0.0746021,NA,NA,NA,NA
2019-04-28T14:00:00Z,23.100559722222222,35.18212888888889,27.081648591666667,-157.99903745111112,0.07734014,NA,NA,NA,NA,NA,NA,0.07734014,NA,NA,NA,NA
2019-04-28T15:00:00Z,23.121171111111114,35.18367527777778,27.003334118333335,-157.9994292225,0.08065564,NA,NA,NA,NA,NA,NA,0.08065564,NA,NA,NA,NA
2019-04-28T16:00:00Z,23.028275555555556,35.19062916666667,26.860345797222223,-157.99747685694444,0.08636738,NA,NA,NA,NA,NA,NA,0.08636738,NA,NA,NA,NA
2019-04-28T17:00:00Z,23.13378,35.12801722222222,26.724075980555558,-157.99377212416667,0.09300094,NA,NA,NA,NA,NA,NA,0.09300094,NA,NA,NA,NA
2019-04-28T18:00:00Z,23.071303417616004,35.21254931925535,26.526404335370938,-157.9996124398444,0.08627436,NA,NA,NA,NA,NA,NA,0.08627436,NA,NA,NA,NA
2019-04-28T19:00:00Z,23.248857420789328,35.172196775986656,26.327073210116733,-158.00007466175654,0.08539448,NA,NA,NA,NA,NA,NA,0.08539448,NA,NA,NA,NA
2019-04-28T20:00:00Z,23.276641944444446,35.11170694444444,26.123870820277777,-158.00085919138888,0.07737965,NA,NA,NA,NA,NA,NA,0.07737965,NA,NA,NA,NA
2019-04-28T21:00:00Z,23.407958599611003,35.11300194498472,25.91717140511253,-158.00005410864128,NA,NA,NA,NA,NA,NA,NA,NA,NA,NA,NA,NA
2019-04-28T22:00:00Z,23.54601000571755,35.12497827329903,25.709019566037735,-158.00006566037735,NA,NA,NA,NA,NA,NA,NA,NA,NA,NA,NA,NA
2019-04-28T23:00:00Z,23.432280000000002,35.099361111111115,25.500664373611112,-158.00003866305556,NA,NA,NA,NA,NA,NA,NA,NA,NA,NA,NA,NA
2019-04-29T00:00:00Z,23.603988027536666,35.109863513917986,25.29686519425322,-158.00000167584557,NA,NA,NA,NA,NA,NA,NA,NA,NA,NA,NA,NA
2019-04-29T01:00:00Z,24.396064722222224,34.929205277777776,25.10185087,-157.99982161916668,NA,NA,NA,NA,NA,NA,NA,NA,NA,NA,NA,NA
2019-04-29T02:00:00Z,24.64240611111111,34.80647888888889,24.91023821888889,-158.000603425,NA,NA,NA,NA,NA,NA,NA,NA,NA,NA,NA,NA
2019-04-29T03:00:00Z,24.330012225618226,34.974686857460405,24.727258434843012,-157.99981731731037,NA,NA,NA,NA,NA,NA,NA,NA,NA,NA,NA,NA
2019-04-29T04:00:00Z,24.66233740967204,34.84717954419122,24.545777900222348,-157.999088147582,NA,NA,NA,NA,NA,NA,NA,NA,NA,NA,NA,NA
2019-04-29T05:00:00Z,24.785980277777778,34.76667888888889,24.35698303,-158.00263527722223,NA,NA,NA,NA,NA,NA,NA,NA,NA,NA,NA,NA
2019-04-29T06:00:00Z,24.849909722222222,34.75980972222222,24.16398271638889,-158.00121621388888,NA,NA,NA,NA,NA,NA,NA,NA,NA,NA,NA,NA
2019-04-29T07:00:00Z,24.898162852897475,34.736063595839525,23.974515154829124,-157.99993164279346,NA,NA,NA,NA,NA,NA,NA,NA,NA,NA,NA,NA
2019-04-29T08:00:00Z,24.762671944444445,34.70365944444445,23.78161212111111,-157.9998408413889,NA,NA,NA,NA,NA,NA,NA,NA,NA,NA,NA,NA
2019-04-29T09:00:00Z,24.723606944444445,34.71570027777778,23.59116451,-158.00026443027778,NA,NA,NA,NA,NA,NA,NA,NA,NA,NA,NA,NA
2019-04-29T10:00:00Z,24.818061683801055,34.6965751597666,23.396788739649903,-157.99949435676578,NA,NA,NA,NA,NA,NA,NA,NA,NA,NA,NA,NA
2019-04-29T11:00:00Z,24.750690721649484,34.70248797250859,23.2050844604811,-158.01024587628865,NA,NA,NA,NA,NA,NA,NA,NA,NA,NA,NA,NA
2019-04-29T12:00:00Z,24.39975620067644,34.76829171364149,23.01335623196167,-158.04737309526493,NA,NA,NA,NA,NA,NA,NA,NA,NA,NA,NA,NA
2019-04-29T13:00:00Z,24.254268333333332,34.762816111111114,22.825504946944445,-158.08524084833334,NA,NA,NA,NA,NA,NA,NA,NA,NA,NA,NA,NA
2019-04-29T14:00:00Z,24.426965833333334,34.772259444444444,22.643180545,-158.12176774361112,NA,NA,NA,NA,NA,NA,NA,NA,NA,NA,NA,NA
2019-04-29T15:00:00Z,24.44630777777778,34.74049055555555,22.462789034444445,-158.1582722775,NA,NA,NA,NA,NA,NA,NA,NA,NA,NA,NA,NA
2019-04-29T16:00:00Z,24.460471666666667,34.7180875,22.27978977,-158.19488444972222,NA,NA,NA,NA,NA,NA,NA,NA,NA,NA,NA,NA
2019-04-29T17:00:00Z,24.59781,34.74381944444445,22.09165738888889,-158.23204893472223,NA,NA,NA,NA,NA,NA,NA,NA,NA,NA,NA,NA
2019-04-29T18:00:00Z,24.89191388888889,34.71763055555556,21.898971511944445,-158.27024658472223,NA,NA,NA,NA,NA,NA,NA,NA,NA,NA,NA,NA
2019-04-29T19:00:00Z,24.96572666666667,34.685386944444446,21.704096242777776,-158.30942506555556,NA,NA,NA,NA,NA,NA,NA,NA,NA,NA,NA,NA
2019-04-29T20:00:00Z,25.501644722222224,34.53762583333334,21.51032124138889,-158.32054335166666,NA,NA,NA,NA,NA,NA,NA,NA,NA,NA,NA,NA
2019-04-29T21:00:00Z,25.673153055555556,34.54803916666667,21.329051995833332,-158.24416299277777,NA,NA,NA,NA,NA,NA,NA,NA,NA,NA,NA,NA
2019-04-29T22:00:00Z,25.418040629095675,34.51820270860638,21.247746959370904,-158.1018450812582,NA,NA,NA,NA,NA,NA,NA,NA,NA,NA,NA,NA
