Part.SampID,Diss.SampID,Cruise,Lat,Long,Local_Date,Local_Time,depth_m,UTC.time.round,sst,sss,lat,lon,chla,pc,pn,N_N,SRP,bact_abu,bact_c,chla_interp,pc_interp,pn_interp,N_N_interp,SRP_interp,bact_abu_interp,bact_c_interp,DON,pp_13c,pp_14c,DON_interp,pp_13c_interp,pp_14c_interp
220902_Smp_TN397_S1_U_A,220602_Smp_TN397_S1_U_A,TN397,28.32288,-124.13627,20/11/2021,06:22:00,7,2021-11-20T14:00:00Z,19.653716555555555,33.453830833333335,28.59020964442593,-124.13926179377778,NA,1.2024732609467603,0.2050536367020175,NA,NA,NA,NA,0.0950451886428907,1.2024732609467603,0.2050536367020175,0.0026391615390881,NA,NA,NA,NA,NA,NA,4.653474053100335,2.275476322522287,NA
220902_Smp_TN397_S1_U_B,220602_Smp_TN397_S1_U_B,TN397,28.32288,-124.13627,20/11/2021,06:22:00,7,2021-11-20T14:00:00Z,19.653716555555555,33.453830833333335,28.59020964442593,-124.13926179377778,NA,1.2024732609467603,0.2050536367020175,NA,NA,NA,NA,0.0950451886428907,1.2024732609467603,0.2050536367020175,0.0026391615390881,NA,NA,NA,NA,NA,NA,4.653474053100335,2.275476322522287,NA
220902_Smp_TN397_S1_U_C,220602_Smp_TN397_S1_U_C,TN397,28.32288,-124.13627,20/11/2021,06:22:00,7,2021-11-20T14:00:00Z,19.653716555555555,33.453830833333335,28.59020964442593,-124.13926179377778,NA,1.2024732609467603,0.2050536367020175,NA,NA,NA,NA,0.0950451886428907,1.2024732609467603,0.2050536367020175,0.0026391615390881,NA,NA,NA,NA,NA,NA,4.653474053100335,2.275476322522287,NA
220902_Smp_TN397_S2_U_A,220602_Smp_TN397_S2_U_A,TN397,27.0673,-126.6739,21/11/2021,06:45:00,7,2021-11-21T15:00:00Z,20.515452944444444,33.854922944444446,27.067341157851853,-126.67388027462962,0.06553447807035863,NA,NA,0.003,NA,NA,NA,0.06553447807035863,1.2262864054732383,0.1841865711547452,0.003,NA,364.5445655771846,4.260700590507854,4.45,NA,3.005597847846022,4.45,2.7529523932587554,3.005597847846022
220902_Smp_TN397_S2_U_B,220602_Smp_TN397_S2_U_B,TN397,27.0673,-126.6739,21/11/2021,06:45:00,7,2021-11-21T15:00:00Z,20.515452944444444,33.854922944444446,27.067341157851853,-126.67388027462962,0.06553447807035863,NA,NA,0.003,NA,NA,NA,0.06553447807035863,1.2262864054732383,0.1841865711547452,0.003,NA,364.5445655771846,4.260700590507854,4.45,NA,3.005597847846022,4.45,2.7529523932587554,3.005597847846022
220902_Smp_TN397_S2_U_C,220602_Smp_TN397_S2_U_C,TN397,27.0673,-126.6739,21/11/2021,06:45:00,7,2021-11-21T15:00:00Z,20.515452944444444,33.854922944444446,27.067341157851853,-126.67388027462962,0.06553447807035863,NA,NA,0.003,NA,NA,NA,0.06553447807035863,1.2262864054732383,0.1841865711547452,0.003,NA,364.5445655771846,4.260700590507854,4.45,NA,3.005597847846022,4.45,2.7529523932587554,3.005597847846022
220902_Smp_TN397_S3_U_A,220602_Smp_TN397_S3_U_A,TN397,21,-135,23/11/2021,06:10:00,7,2021-11-23T15:00:00Z,23.6995645,34.88767061111111,21.740224036,-135.3132872850463,0.05932546089105074,NA,NA,NA,NA,NA,NA,0.05932546089105074,1.3772827596613069,0.23948307612485495,0.001,NA,385.8101582828163,4.23796773119546,NA,2.92,3.681260305192695,4.777357220102159,2.92,3.681260305192695
220902_Smp_TN397_S3_U_B,220602_Smp_TN397_S3_U_B,TN397,21,-135,23/11/2021,06:10:00,7,2021-11-23T15:00:00Z,23.6995645,34.88767061111111,21.740224036,-135.3132872850463,0.05932546089105074,NA,NA,NA,NA,NA,NA,0.05932546089105074,1.3772827596613069,0.23948307612485495,0.001,NA,385.8101582828163,4.23796773119546,NA,2.92,3.681260305192695,4.777357220102159,2.92,3.681260305192695
220902_Smp_TN397_S3_U_C,220602_Smp_TN397_S3_U_C,TN397,21,-135,23/11/2021,06:10:00,7,2021-11-23T15:00:00Z,23.6995645,34.88767061111111,21.740224036,-135.3132872850463,0.05932546089105074,NA,NA,NA,NA,NA,NA,0.05932546089105074,1.3772827596613069,0.23948307612485495,0.001,NA,385.8101582828163,4.23796773119546,NA,2.92,3.681260305192695,4.777357220102159,2.92,3.681260305192695
220902_Smp_TN397_S4_2400_U_A,220602_Smp_TN397_S4_2400_U_A,TN397,19.639,-138.6135,24/11/2021,23:04:00,7,2021-11-25T08:00:00Z,23.766552527777776,35.07553188888889,19.638815415013887,-138.61354378841204,0.07562535337240973,NA,NA,NA,NA,NA,NA,0.07562535337240973,1.6369038793616362,0.247631764341424,0.001,NA,386.566012245736,4.208299348438706,NA,NA,NA,5.205230571510253,3.3231927473911944,3.7388328598916503
220902_Smp_TN397_S4_2400_U_B,220602_Smp_TN397_S4_2400_U_B,TN397,19.639,-138.6135,24/11/2021,23:05:00,7,2021-11-25T08:00:00Z,23.766552527777776,35.07553188888889,19.638815415013887,-138.61354378841204,0.07562535337240973,NA,NA,NA,NA,NA,NA,0.07562535337240973,1.6369038793616362,0.247631764341424,0.001,NA,386.566012245736,4.208299348438706,NA,NA,NA,5.205230571510253,3.3231927473911944,3.7388328598916503
220902_Smp_TN397_S4_2400_U_C,220602_Smp_TN397_S4_2400_U_C,TN397,19.639,-138.6135,24/11/2021,23:06:00,7,2021-11-25T08:00:00Z,23.766552527777776,35.07553188888889,19.638815415013887,-138.61354378841204,0.07562535337240973,NA,NA,NA,NA,NA,NA,0.07562535337240973,1.6369038793616362,0.247631764341424,0.001,NA,386.566012245736,4.208299348438706,NA,NA,NA,5.205230571510253,3.3231927473911944,3.7388328598916503
220902_Smp_TN397_S4_U_600_A,220602_Smp_TN397_S4_U_600_A,TN397,19.6377,-138.6154,24/11/2021,06:19:00,7,2021-11-24T15:00:00Z,23.834037805555557,35.05780163888889,19.637604960199074,-138.61581800102314,0.05941612394143579,NA,NA,NA,NA,NA,NA,0.05941612394143579,1.5130693105268762,0.24518873535664276,0.001,NA,389.6077517998501,4.265509186418122,NA,NA,NA,5.027032671169813,3.169050785053076,3.696994140279076
220902_Smp_TN397_S4_U_600_B,220602_Smp_TN397_S4_U_600_B,TN397,19.6377,-138.6154,24/11/2021,06:19:00,7,2021-11-24T15:00:00Z,23.834037805555557,35.05780163888889,19.637604960199074,-138.61581800102314,0.05941612394143579,NA,NA,NA,NA,NA,NA,0.05941612394143579,1.5130693105268762,0.24518873535664276,0.001,NA,389.6077517998501,4.265509186418122,NA,NA,NA,5.027032671169813,3.169050785053076,3.696994140279076
220902_Smp_TN397_S4_U_600_C,220602_Smp_TN397_S4_U_600_C,TN397,19.6377,-138.6154,24/11/2021,06:19:00,7,2021-11-24T15:00:00Z,23.834037805555557,35.05780163888889,19.637604960199074,-138.61581800102314,0.05941612394143579,NA,NA,NA,NA,NA,NA,0.05941612394143579,1.5130693105268762,0.24518873535664276,0.001,NA,389.6077517998501,4.265509186418122,NA,NA,NA,5.027032671169813,3.169050785053076,3.696994140279076
220902_Smp_TN397_S4_U_1800_A,220602_Smp_TN397_S4_U_1800_A,TN397,19.69,-138.58,24/11/2021,17:36:00,7,2021-11-25T03:00:00Z,23.804163,35.07203669444444,19.641245493907405,-138.6044895925463,0.0778818983797449,NA,NA,NA,NA,NA,NA,0.0778818983797449,1.6140039857488468,0.24859961432903332,0.001,NA,388.554196472733,4.251680603461034,NA,NA,NA,5.15330368605127,3.279548724022608,3.722029300978698
220902_Smp_TN397_S4_U_1800_B,220602_Smp_TN397_S4_U_1800_B,TN397,19.69,-138.58,24/11/2021,17:40:00,7,2021-11-25T03:00:00Z,23.804163,35.07203669444444,19.641245493907405,-138.6044895925463,0.0778818983797449,NA,NA,NA,NA,NA,NA,0.0778818983797449,1.6140039857488468,0.24859961432903332,0.001,NA,388.554196472733,4.251680603461034,NA,NA,NA,5.15330368605127,3.279548724022608,3.722029300978698
220902_Smp_TN397_S4_U_1800_C,220602_Smp_TN397_S4_U_1800_C,TN397,19.69,-138.58,24/11/2021,17:41:00,7,2021-11-25T03:00:00Z,23.804163,35.07203669444444,19.641245493907405,-138.6044895925463,0.0778818983797449,NA,NA,NA,NA,NA,NA,0.0778818983797449,1.6140039857488468,0.24859961432903332,0.001,NA,388.554196472733,4.251680603461034,NA,NA,NA,5.15330368605127,3.279548724022608,3.722029300978698
220902_Smp_TN397_S6_U_A,220602_Smp_TN397_S6_U_A,TN397,13.9487,-140.0016,27/11/2021,06:24:00,7,2021-11-27T15:00:00Z,26.400018888888887,33.73397627777778,13.948698539189817,-140.00157690004167,0.08293802811390463,NA,NA,NA,NA,NA,NA,0.08293802811390463,1.9529965391719737,0.3377078633663451,0.00930316472265621,NA,608.4147523541214,6.847578905381141,NA,NA,7.441193234232436,4.628371002510337,3.5257378253426235,7.441193234232436
220902_Smp_TN397_S6_U_B,220602_Smp_TN397_S6_U_B,TN397,13.9487,-140.0016,27/11/2021,06:24:00,7,2021-11-27T15:00:00Z,26.400018888888887,33.73397627777778,13.948698539189817,-140.00157690004167,0.08293802811390463,NA,NA,NA,NA,NA,NA,0.08293802811390463,1.9529965391719737,0.3377078633663451,0.00930316472265621,NA,608.4147523541214,6.847578905381141,NA,NA,7.441193234232436,4.628371002510337,3.5257378253426235,7.441193234232436
220902_Smp_TN397_S6_U_C,220602_Smp_TN397_S6_U_C,TN397,13.9487,-140.0016,27/11/2021,06:24:00,7,2021-11-27T15:00:00Z,26.400018888888887,33.73397627777778,13.948698539189817,-140.00157690004167,0.08293802811390463,NA,NA,NA,NA,NA,NA,0.08293802811390463,1.9529965391719737,0.3377078633663451,0.00930316472265621,NA,608.4147523541214,6.847578905381141,NA,NA,7.441193234232436,4.628371002510337,3.5257378253426235,7.441193234232436
220902_Smp_TN397_S7_600_U_A,220602_Smp_TN397_S7_600_U_A,TN397,10.6974,-139.998,28/11/2021,06:18:00,7,2021-11-28T15:00:00Z,26.821903666666667,33.76159797222222,10.696980422439816,-139.9987000088611,0.08263408173705464,NA,NA,NA,NA,NA,NA,0.08263408173705464,1.588925761072024,0.27782241381501543,0.03738929953564458,NA,478.5212745175443,5.465169617858483,NA,NA,NA,4.60407285527492,3.5744389401044856,5.3325146078898555
220902_Smp_TN397_S7_600_U_B,220602_Smp_TN397_S7_600_U_B,TN397,10.6974,-139.998,28/11/2021,06:18:00,7,2021-11-28T15:00:00Z,26.821903666666667,33.76159797222222,10.696980422439816,-139.9987000088611,0.08263408173705464,NA,NA,NA,NA,NA,NA,0.08263408173705464,1.588925761072024,0.27782241381501543,0.03738929953564458,NA,478.5212745175443,5.465169617858483,NA,NA,NA,4.60407285527492,3.5744389401044856,5.3325146078898555
220902_Smp_TN397_S7_600_U_C,220602_Smp_TN397_S7_600_U_C,TN397,10.6974,-139.998,28/11/2021,06:18:00,7,2021-11-28T15:00:00Z,26.821903666666667,33.76159797222222,10.696980422439816,-139.9987000088611,0.08263408173705464,NA,NA,NA,NA,NA,NA,0.08263408173705464,1.588925761072024,0.27782241381501543,0.03738929953564458,NA,478.5212745175443,5.465169617858483,NA,NA,NA,4.60407285527492,3.5744389401044856,5.3325146078898555
220902_Smp_TN397_S7_1800_U_A,220602_Smp_TN397_S7_1800_U_A,TN397,10.6979,-139.9975,28/11/2021,17:52:00,7,2021-11-29T03:00:00Z,26.772698922902496,33.76646680839002,10.697757688123582,-139.9967762100529,0.10970457177923112,NA,NA,NA,NA,NA,NA,0.10970457177923112,1.6686226368471315,0.2767138707200431,0.05999633843737189,NA,447.13984952838007,5.127853725640998,NA,NA,NA,4.538078795137704,3.876073200923571,5.747009394794517
220902_Smp_TN397_S7_1800_U_B,220602_Smp_TN397_S7_1800_U_B,TN397,10.6979,-139.9975,28/11/2021,17:52:00,7,2021-11-29T03:00:00Z,26.772698922902496,33.76646680839002,10.697757688123582,-139.9967762100529,0.10970457177923112,NA,NA,NA,NA,NA,NA,0.10970457177923112,1.6686226368471315,0.2767138707200431,0.05999633843737189,NA,447.13984952838007,5.127853725640998,NA,NA,NA,4.538078795137704,3.876073200923571,5.747009394794517
220902_Smp_TN397_S7_1800_U_C,220602_Smp_TN397_S7_1800_U_C,TN397,10.6979,-139.9975,28/11/2021,17:52:00,7,2021-11-29T03:00:00Z,26.772698922902496,33.76646680839002,10.697757688123582,-139.9967762100529,0.10970457177923112,NA,NA,NA,NA,NA,NA,0.10970457177923112,1.6686226368471315,0.2767138707200431,0.05999633843737189,NA,447.13984952838007,5.127853725640998,NA,NA,NA,4.538078795137704,3.876073200923571,5.747009394794517
220902_Smp_TN397_S8_U_A,220602_Smp_TN397_S8_U_A,TN397,8.388,-139.9961,30/11/2021,06:17:00,7,2021-11-30T15:00:00Z,28.12784205555555,34.06097255555556,8.388028597018518,-139.9960790316713,0.09267693509930942,NA,NA,NA,NA,NA,NA,0.09267693509930942,1.6278611788970505,0.285686531557829,0.01698914737596076,NA,545.8280691947302,6.07774929667788,NA,NA,NA,4.5173537569749085,5.535502451462791,8.22415194766273
220902_Smp_TN397_S8_U_B,220602_Smp_TN397_S8_U_B,TN397,8.388,-139.9961,30/11/2021,06:17:00,7,2021-11-30T15:00:00Z,28.12784205555555,34.06097255555556,8.388028597018518,-139.9960790316713,0.09267693509930942,NA,NA,NA,NA,NA,NA,0.09267693509930942,1.6278611788970505,0.285686531557829,0.01698914737596076,NA,545.8280691947302,6.07774929667788,NA,NA,NA,4.5173537569749085,5.535502451462791,8.22415194766273
220902_Smp_TN397_S8_U_C,220602_Smp_TN397_S8_U_C,TN397,8.388,-139.9961,30/11/2021,06:17:00,7,2021-11-30T15:00:00Z,28.12784205555555,34.06097255555556,8.388028597018518,-139.9960790316713,0.09267693509930942,NA,NA,NA,NA,NA,NA,0.09267693509930942,1.6278611788970505,0.285686531557829,0.01698914737596076,NA,545.8280691947302,6.07774929667788,NA,NA,NA,4.5173537569749085,5.535502451462791,8.22415194766273
220902_Smp_TN397_S9_600_U_A,220602_Smp_TN397_S9_600_U_A,TN397,4.7508,-140.0005,1/12/21,06:15:00,7,2021-12-01T15:00:00Z,25.807385002782414,34.57656964385086,4.75084723353274,-140.0005270166597,0.15042484913761434,NA,NA,NA,NA,NA,NA,0.15042484913761434,3.0482856253865793,0.4829662858752533,2.92545633050571,NA,553.0735862925914,6.8761301763416665,NA,NA,NA,4.4493176471197655,13.448311906530533,21.629815635369493
220902_Smp_TN397_S9_600_U_B,220602_Smp_TN397_S9_600_U_B,TN397,4.7508,-140.0005,1/12/21,06:15:00,7,2021-12-01T15:00:00Z,25.807385002782414,34.57656964385086,4.75084723353274,-140.0005270166597,0.15042484913761434,NA,NA,NA,NA,NA,NA,0.15042484913761434,3.0482856253865793,0.4829662858752533,2.92545633050571,NA,553.0735862925914,6.8761301763416665,NA,NA,NA,4.4493176471197655,13.448311906530533,21.629815635369493
220902_Smp_TN397_S9_600_U_C,220602_Smp_TN397_S9_600_U_C,TN397,4.7508,-140.0005,1/12/21,06:15:00,7,2021-12-01T15:00:00Z,25.807385002782414,34.57656964385086,4.75084723353274,-140.0005270166597,0.15042484913761434,NA,NA,NA,NA,NA,NA,0.15042484913761434,3.0482856253865793,0.4829662858752533,2.92545633050571,NA,553.0735862925914,6.8761301763416665,NA,NA,NA,4.4493176471197655,13.448311906530533,21.629815635369493
220902_Smp_TN397_S9_1800_U_A,220602_Smp_TN397_S9_1800_U_A,TN397,4.7695,-139.9879,1/12/21,18:00:00,7,2021-12-02T03:00:00Z,25.92879725,34.56496627777778,4.769463021560185,-139.98791063768056,0.15590478344738515,NA,NA,NA,NA,NA,NA,0.15590478344738515,2.905474320641096,0.4796950306247272,2.902676096656332,NA,556.796410041497,7.128294956427866,NA,NA,NA,3.882739667925372,11.93407538326234,16.4567020815025
220902_Smp_TN397_S9_1800_U_B,220602_Smp_TN397_S9_1800_U_B,TN397,4.7695,-139.9879,1/12/21,18:00:00,7,2021-12-02T03:00:00Z,25.92879725,34.56496627777778,4.769463021560185,-139.98791063768056,0.15590478344738515,NA,NA,NA,NA,NA,NA,0.15590478344738515,2.905474320641096,0.4796950306247272,2.902676096656332,NA,556.796410041497,7.128294956427866,NA,NA,NA,3.882739667925372,11.93407538326234,16.4567020815025
220902_Smp_TN397_S9_1800_U_C,220602_Smp_TN397_S9_1800_U_C,TN397,4.7695,-139.9879,1/12/21,18:00:00,7,2021-12-02T03:00:00Z,25.92879725,34.56496627777778,4.769463021560185,-139.98791063768056,0.15590478344738515,NA,NA,NA,NA,NA,NA,0.15590478344738515,2.905474320641096,0.4796950306247272,2.902676096656332,NA,556.796410041497,7.128294956427866,NA,NA,NA,3.882739667925372,11.93407538326234,16.4567020815025
220902_Smp_TN397_S9_BB_A,NA,TN397,4.7508,-140.0005,1/12/21,08:30:00,7,2021-12-01T18:00:00Z,25.756797083333332,34.57327238888889,4.763763252277778,-139.99599945112038,0.18112478593216416,NA,NA,NA,NA,NA,NA,0.18112478593216416,3.0280932925316377,0.48092301488042566,2.9300350801184356,NA,553.875005399121,6.985550020484123,NA,NA,NA,4.036159570479414,13.167605508959346,21.272772750835287
220902_Smp_TN397_S9_BB_B,NA,TN397,4.7508,-140.0005,1/12/21,08:30:00,7,2021-12-01T18:00:00Z,25.756797083333332,34.57327238888889,4.763763252277778,-139.99599945112038,0.18112478593216416,NA,NA,NA,NA,NA,NA,0.18112478593216416,3.0280932925316377,0.48092301488042566,2.9300350801184356,NA,553.875005399121,6.985550020484123,NA,NA,NA,4.036159570479414,13.167605508959346,21.272772750835287
220902_Smp_TN397_S10_U_A,220602_Smp_TN397_S10_U_A,TN397,1.1248,-140.0051,3/12/21,06:00:00,7,2021-12-03T15:00:00Z,26.264790194444444,34.77069458333333,1.1248228506064817,-140.00507570783333,0.15709303111632256,NA,NA,NA,NA,NA,NA,0.15709303111632256,1.9535097735377,0.384945762733568,2.253299030246623,NA,573.1127680410103,6.517060751094909,NA,NA,NA,4.27,16.03553559346093,20.570761910656735
220902_Smp_TN397_S10_U_B,220602_Smp_TN397_S10_U_B,TN397,1.1248,-140.0051,3/12/21,06:00:00,7,2021-12-03T15:00:00Z,26.264790194444444,34.77069458333333,1.1248228506064817,-140.00507570783333,0.15709303111632256,NA,NA,NA,NA,NA,NA,0.15709303111632256,1.9535097735377,0.384945762733568,2.253299030246623,NA,573.1127680410103,6.517060751094909,NA,NA,NA,4.27,16.03553559346093,20.570761910656735
220902_Smp_TN397_S10_U_C,220602_Smp_TN397_S10_U_C,TN397,1.1248,-140.0051,3/12/21,06:00:00,7,2021-12-03T15:00:00Z,26.264790194444444,34.77069458333333,1.1248228506064817,-140.00507570783333,0.15709303111632256,NA,NA,NA,NA,NA,NA,0.15709303111632256,1.9535097735377,0.384945762733568,2.253299030246623,NA,573.1127680410103,6.517060751094909,NA,NA,NA,4.27,16.03553559346093,20.570761910656735
220902_Smp_TN397_S11_600_U_A,220602_Smp_TN397_S11_600_U_A,TN397,0.1459,-139.9081,4/12/21,06:00:00,7,2021-12-04T15:00:00Z,24.755184581626683,34.774688531304854,0.15160365402038226,-139.91159044042325,0.2314889069628125,NA,NA,NA,NA,NA,NA,0.2314889069628125,2.923696597740548,0.5169324508729173,6.150601734960341,NA,604.9422126612983,7.032939323292968,NA,NA,NA,4.983475976074509,22.807852063172582,19.69083412874232
220902_Smp_TN397_S11_600_U_B,220602_Smp_TN397_S11_600_U_B,TN397,0.1459,-139.9081,4/12/21,06:00:00,7,2021-12-04T15:00:00Z,24.755184581626683,34.774688531304854,0.15160365402038226,-139.91159044042325,0.2314889069628125,NA,NA,NA,NA,NA,NA,0.2314889069628125,2.923696597740548,0.5169324508729173,6.150601734960341,NA,604.9422126612983,7.032939323292968,NA,NA,NA,4.983475976074509,22.807852063172582,19.69083412874232
220902_Smp_TN397_S11_1800_U_A,220602_Smp_TN397_S11_1800_U_A,TN397,0.299,-139.8577,4/12/21,18:05:00,7,2021-12-05T03:00:00Z,25.003163333333333,34.81470627777778,0.2876352676018518,-139.8706206282361,0.1822958934847004,NA,NA,NA,NA,NA,NA,0.1822958934847004,2.7207833044735694,0.49045252128944566,6.4947642211133045,NA,615.8445519388819,7.2007109200061254,NA,NA,NA,4.652543317261918,20.5633333923876,20.796188744283608
220902_Smp_TN397_S11_1800_U_B,220602_Smp_TN397_S11_1800_U_B,TN397,0.299,-139.8577,4/12/21,18:05:00,7,2021-12-05T03:00:00Z,25.003163333333333,34.81470627777778,0.2876352676018518,-139.8706206282361,0.1822958934847004,NA,NA,NA,NA,NA,NA,0.1822958934847004,2.7207833044735694,0.49045252128944566,6.4947642211133045,NA,615.8445519388819,7.2007109200061254,NA,NA,NA,4.652543317261918,20.5633333923876,20.796188744283608
220902_Smp_TN397_S11_1800_U_C,220602_Smp_TN397_S11_1800_U_C,TN397,0.299,-139.8577,4/12/21,18:05:00,7,2021-12-05T03:00:00Z,25.003163333333333,34.81470627777778,0.2876352676018518,-139.8706206282361,0.1822958934847004,NA,NA,NA,NA,NA,NA,0.1822958934847004,2.7207833044735694,0.49045252128944566,6.4947642211133045,NA,615.8445519388819,7.2007109200061254,NA,NA,NA,4.652543317261918,20.5633333923876,20.796188744283608
220902_Smp_TN397_S12_600_U_A,220602_Smp_TN397_S12_600_U_A,TN397,-2.249,-140.26,7/12/21,06:06:00,7,2021-12-07T15:00:00Z,26.15042429245283,35.25249537146227,-2.248815567769753,-140.26857551592963,0.1438473481771561,NA,NA,NA,NA,NA,NA,0.1438473481771561,2.111518664093961,0.3744503527031115,7.094689327706758,NA,625.0370266039725,6.916825876568979,NA,NA,NA,4.877063140206773,12.583599121049476,24.40079225900019
220902_Smp_TN397_S12_600_U_B,220602_Smp_TN397_S12_600_U_B,TN397,-2.249,-140.26,7/12/21,06:06:00,7,2021-12-07T15:00:00Z,26.15042429245283,35.25249537146227,-2.248815567769753,-140.26857551592963,0.1438473481771561,NA,NA,NA,NA,NA,NA,0.1438473481771561,2.111518664093961,0.3744503527031115,7.094689327706758,NA,625.0370266039725,6.916825876568979,NA,NA,NA,4.877063140206773,12.583599121049476,24.40079225900019
220902_Smp_TN397_S12_600_U_C,220602_Smp_TN397_S12_600_U_C,TN397,-2.249,-140.26,7/12/21,06:06:00,7,2021-12-07T15:00:00Z,26.15042429245283,35.25249537146227,-2.248815567769753,-140.26857551592963,0.1438473481771561,NA,NA,NA,NA,NA,NA,0.1438473481771561,2.111518664093961,0.3744503527031115,7.094689327706758,NA,625.0370266039725,6.916825876568979,NA,NA,NA,4.877063140206773,12.583599121049476,24.40079225900019
220902_Smp_TN397_S12_800_U_A,220602_Smp_TN397_S12_800_U_A,TN397,-2.489,-140.01,6/12/21,08:00:00,7,2021-12-06T17:00:00Z,26.065919555555556,35.24984675,-2.4874556775185184,-140.00993036063426,0.12842146951154423,NA,NA,NA,NA,NA,NA,0.12842146951154423,2.371929247984999,0.41744996746881496,7.374926938989232,NA,574.5098310470885,6.418309085614543,NA,NA,NA,5.097663545271743,12.624318462850365,15.357080607796556
220902_Smp_TN397_S12_800_U_B,220602_Smp_TN397_S12_800_U_B,TN397,-2.489,-140.01,6/12/21,08:00:00,7,2021-12-06T17:00:00Z,26.065919555555556,35.24984675,-2.4874556775185184,-140.00993036063426,0.12842146951154423,NA,NA,NA,NA,NA,NA,0.12842146951154423,2.371929247984999,0.41744996746881496,7.374926938989232,NA,574.5098310470885,6.418309085614543,NA,NA,NA,5.097663545271743,12.624318462850365,15.357080607796556
220902_Smp_TN397_S12_800_U_C,220602_Smp_TN397_S12_800_U_C,TN397,-2.489,-140.01,6/12/21,08:00:00,7,2021-12-06T17:00:00Z,26.065919555555556,35.24984675,-2.4874556775185184,-140.00993036063426,0.12842146951154423,NA,NA,NA,NA,NA,NA,0.12842146951154423,2.371929247984999,0.41744996746881496,7.374926938989232,NA,574.5098310470885,6.418309085614543,NA,NA,NA,5.097663545271743,12.624318462850365,15.357080607796556
220902_Smp_TN397_S12_1800_U_A,220602_Smp_TN397_S12_1800_U_A,TN397,-2.489,-140.01,6/12/21,18:00:00,7,2021-12-07T03:00:00Z,26.137491963292547,35.25370050055617,-2.4590211299986096,-140.0472264777484,0.14163263433328432,NA,NA,NA,NA,NA,NA,0.14163263433328432,2.2705448224059785,0.40116445231572656,7.270786431425289,NA,566.2616814096541,6.2663455779132535,NA,NA,NA,4.906364276216826,12.569569559048356,18.41328957964248
220902_Smp_TN397_S12_1800_U_B,220602_Smp_TN397_S12_1800_U_B,TN397,-2.489,-140.01,6/12/21,18:00:00,7,2021-12-07T03:00:00Z,26.137491963292547,35.25370050055617,-2.4590211299986096,-140.0472264777484,0.14163263433328432,NA,NA,NA,NA,NA,NA,0.14163263433328432,2.2705448224059785,0.40116445231572656,7.270786431425289,NA,566.2616814096541,6.2663455779132535,NA,NA,NA,4.906364276216826,12.569569559048356,18.41328957964248
220902_Smp_TN397_S12_1800_U_C,220602_Smp_TN397_S12_1800_U_C,TN397,-2.489,-140.01,6/12/21,18:00:00,7,2021-12-07T03:00:00Z,26.137491963292547,35.25370050055617,-2.4590211299986096,-140.0472264777484,0.14163263433328432,NA,NA,NA,NA,NA,NA,0.14163263433328432,2.2705448224059785,0.40116445231572656,7.270786431425289,NA,566.2616814096541,6.2663455779132535,NA,NA,NA,4.906364276216826,12.569569559048356,18.41328957964248
220902_Smp_TN397_S13_1800_U_A,220602_Smp_TN397_S13_1800_U_A,TN397,0.01,-141.8458,7/12/21,18:22:00,7,2021-12-08T03:00:00Z,25.035129527777777,34.95385486111111,-0.00923439568518518,-141.83952547987963,0.233527961655288,NA,NA,NA,NA,NA,NA,0.233527961655288,3.3285530624169795,0.5696635606987163,6.850181890352729,NA,774.5712932640141,8.64327171842782,NA,NA,NA,4.9169236695470895,12.656621214932246,29.50291228058411
220902_Smp_TN397_S13_1800_U_B,220602_Smp_TN397_S13_1800_U_B,TN397,0.01,-141.8458,7/12/21,18:22:00,7,2021-12-08T03:00:00Z,25.035129527777777,34.95385486111111,-0.00923439568518518,-141.83952547987963,0.233527961655288,NA,NA,NA,NA,NA,NA,0.233527961655288,3.3285530624169795,0.5696635606987163,6.850181890352729,NA,774.5712932640141,8.64327171842782,NA,NA,NA,4.9169236695470895,12.656621214932246,29.50291228058411
220902_Smp_TN397_S13_1800_U_C,220602_Smp_TN397_S13_1800_U_C,TN397,0.01,-141.8458,7/12/21,18:22:00,7,2021-12-08T03:00:00Z,25.035129527777777,34.95385486111111,-0.00923439568518518,-141.83952547987963,0.233527961655288,NA,NA,NA,NA,NA,NA,0.233527961655288,3.3285530624169795,0.5696635606987163,6.850181890352729,NA,774.5712932640141,8.64327171842782,NA,NA,NA,4.9169236695470895,12.656621214932246,29.50291228058411
220902_Smp_TN397_S14_U_A,220602_Smp_TN397_S14_U_A,TN397,3.5272,-144.4492,9/12/21,06:27:00,7,2021-12-09T15:00:00Z,26.716792333333338,34.6513865,3.5198607618333333,-144.44435321689352,0.02582957095874163,NA,NA,NA,NA,NA,NA,0.02582957095874163,2.4298774748917067,0.41760439779934744,2.8952007516685163,NA,556.7012957955956,6.454067905249956,NA,NA,NA,5.343989870740072,12.920851932020392,22.27416536351147
220902_Smp_TN397_S14_U_B,220602_Smp_TN397_S14_U_B,TN397,3.5272,-144.4492,9/12/21,06:27:00,7,2021-12-09T15:00:00Z,26.716792333333338,34.6513865,3.5198607618333333,-144.44435321689352,0.02582957095874163,NA,NA,NA,NA,NA,NA,0.02582957095874163,2.4298774748917067,0.41760439779934744,2.8952007516685163,NA,556.7012957955956,6.454067905249956,NA,NA,NA,5.343989870740072,12.920851932020392,22.27416536351147
220902_Smp_TN397_S14_U_C,220602_Smp_TN397_S14_U_C,TN397,3.5272,-144.4492,9/12/21,06:27:00,7,2021-12-09T15:00:00Z,26.716792333333338,34.6513865,3.5198607618333333,-144.44435321689352,0.02582957095874163,NA,NA,NA,NA,NA,NA,0.02582957095874163,2.4298774748917067,0.41760439779934744,2.8952007516685163,NA,556.7012957955956,6.454067905249956,NA,NA,NA,5.343989870740072,12.920851932020392,22.27416536351147
220902_Smp_TN397_S15_U_A,220602_Smp_TN397_S15_U_A,TN397,6.4995,-146.652,10/12/21,06:30:00,7,2021-12-10T16:00:00Z,27.24140468703649,34.83133417383566,6.4995525327598145,-146.652080430441,0.15426540460004923,NA,NA,NA,NA,NA,NA,0.15426540460004923,2.074776721232379,0.35489120967905435,2.004084150777374,NA,691.0307103712731,7.762474674055277,NA,NA,NA,5.618248552276243,12.77890886585171,18.174582839929663
220902_Smp_TN397_S15_U_B,220602_Smp_TN397_S15_U_B,TN397,6.4995,-146.652,10/12/21,06:30:00,7,2021-12-10T16:00:00Z,27.24140468703649,34.83133417383566,6.4995525327598145,-146.652080430441,0.15426540460004923,NA,NA,NA,NA,NA,NA,0.15426540460004923,2.074776721232379,0.35489120967905435,2.004084150777374,NA,691.0307103712731,7.762474674055277,NA,NA,NA,5.618248552276243,12.77890886585171,18.174582839929663
220902_Smp_TN397_S15_U_C,220602_Smp_TN397_S15_U_C,TN397,6.4995,-146.652,10/12/21,06:30:00,7,2021-12-10T16:00:00Z,27.24140468703649,34.83133417383566,6.4995525327598145,-146.652080430441,0.15426540460004923,NA,NA,NA,NA,NA,NA,0.15426540460004923,2.074776721232379,0.35489120967905435,2.004084150777374,NA,691.0307103712731,7.762474674055277,NA,NA,NA,5.618248552276243,12.77890886585171,18.174582839929663
220902_Smp_TN397_S16_U_A,220602_Smp_TN397_S16_U_A,TN397,9.2497,-148.6967,11/12/21,06:00:00,7,2021-12-11T16:00:00Z,27.689131888888888,34.14297630555556,9.24975721513426,-148.69672765075464,0.05383168779918155,NA,NA,NA,NA,NA,NA,0.05383168779918155,1.394714452043308,0.23353176740563533,NA,NA,467.80904367720905,5.235727204685299,NA,NA,NA,NA,NA,NA
220902_Smp_TN397_S16_U_B,220602_Smp_TN397_S16_U_B,TN397,9.2497,-148.6967,11/12/21,06:00:00,7,2021-12-11T16:00:00Z,27.689131888888888,34.14297630555556,9.24975721513426,-148.69672765075464,0.05383168779918155,NA,NA,NA,NA,NA,NA,0.05383168779918155,1.394714452043308,0.23353176740563533,NA,NA,467.80904367720905,5.235727204685299,NA,NA,NA,NA,NA,NA
220902_Smp_TN397_S16_U_C,220602_Smp_TN397_S16_U_C,TN397,9.2497,-148.6967,11/12/21,06:00:00,7,2021-12-11T16:00:00Z,27.689131888888888,34.14297630555556,9.24975721513426,-148.69672765075464,0.05383168779918155,NA,NA,NA,NA,NA,NA,0.05383168779918155,1.394714452043308,0.23353176740563533,NA,NA,467.80904367720905,5.235727204685299,NA,NA,NA,NA,NA,NA
220902_Smp_TN397_S17_U_A,220602_Smp_TN397_S17_U_A,TN397,11.92,-150.6948,12/12/21,06:00:00,7,2021-12-12T16:00:00Z,NA,NA,NA,NA,NA,NA,NA,NA,NA,NA,NA,NA,NA,NA,NA,NA,NA,NA,NA,NA,NA,NA,NA,NA
220902_Smp_TN397_S17_U_B,220602_Smp_TN397_S17_U_B,TN397,11.92,-150.6948,12/12/21,06:00:00,7,2021-12-12T16:00:00Z,NA,NA,NA,NA,NA,NA,NA,NA,NA,NA,NA,NA,NA,NA,NA,NA,NA,NA,NA,NA,NA,NA,NA,NA
220902_Smp_TN397_S17_U_C,220602_Smp_TN397_S17_U_C,TN397,11.92,-150.6948,12/12/21,06:00:00,7,2021-12-12T16:00:00Z,NA,NA,NA,NA,NA,NA,NA,NA,NA,NA,NA,NA,NA,NA,NA,NA,NA,NA,NA,NA,NA,NA,NA,NA
220902_Smp_TN397_S18_U_A,NA,TN397,14.772,-152.8644,13/12/2021,06:40:00,7,2021-12-13T17:00:00Z,NA,NA,NA,NA,NA,NA,NA,NA,NA,NA,NA,NA,NA,NA,NA,NA,NA,NA,NA,NA,NA,NA,NA,NA
220902_Smp_TN397_S18_U_B,NA,TN397,14.772,-152.8644,13/12/2022,06:40:00,7,2022-12-13T17:00:00Z,NA,NA,NA,NA,NA,NA,NA,NA,NA,NA,NA,NA,NA,NA,NA,NA,NA,NA,NA,NA,NA,NA,NA,NA
220902_Smp_TN397_S18_U_C,NA,TN397,14.772,-152.8644,13/12/2023,06:40:00,7,2023-12-13T17:00:00Z,NA,NA,NA,NA,NA,NA,NA,NA,NA,NA,NA,NA,NA,NA,NA,NA,NA,NA,NA,NA,NA,NA,NA,NA
220902_Smp_TN397_U1_A,220602_Smp_TN397_U1_A,TN397,32.25921,-117.3388,18/11/2021,22:00:00,7,2021-11-19T06:00:00Z,17.865323305555556,33.523961444444446,32.434773972625,-117.56053599698149,NA,NA,NA,NA,NA,NA,NA,NA,NA,NA,NA,NA,NA,NA,NA,NA,NA,NA,NA,NA
220902_Smp_TN397_U1_B,220602_Smp_TN397_U1_B,TN397,32.25921,-117.3388,18/11/2021,22:00:00,7,2021-11-19T06:00:00Z,17.865323305555556,33.523961444444446,32.434773972625,-117.56053599698149,NA,NA,NA,NA,NA,NA,NA,NA,NA,NA,NA,NA,NA,NA,NA,NA,NA,NA,NA,NA
220902_Smp_TN397_U1_C,220602_Smp_TN397_U1_C,TN397,32.25921,-117.3388,18/11/2021,22:00:00,7,2021-11-19T06:00:00Z,17.865323305555556,33.523961444444446,32.434773972625,-117.56053599698149,NA,NA,NA,NA,NA,NA,NA,NA,NA,NA,NA,NA,NA,NA,NA,NA,NA,NA,NA,NA
220902_Smp_TN397_U2_A,220602_Smp_TN397_U2_A,TN397,32.11654,-117.58582,19/11/2021,00:00:00,7,2021-11-19T08:00:00Z,18.595011694444445,33.497090166666666,32.19438269277315,-117.97572294060647,NA,NA,NA,NA,NA,NA,NA,NA,NA,NA,NA,NA,NA,NA,NA,NA,NA,NA,NA,NA
220902_Smp_TN397_U2_B,220602_Smp_TN397_U2_B,TN397,32.11654,-117.58582,19/11/2021,00:00:00,7,2021-11-19T08:00:00Z,18.595011694444445,33.497090166666666,32.19438269277315,-117.97572294060647,NA,NA,NA,NA,NA,NA,NA,NA,NA,NA,NA,NA,NA,NA,NA,NA,NA,NA,NA,NA
220902_Smp_TN397_U2_C,220602_Smp_TN397_U2_C,TN397,32.11654,-117.58582,19/11/2021,00:00:00,7,2021-11-19T08:00:00Z,18.595011694444445,33.497090166666666,32.19438269277315,-117.97572294060647,NA,NA,NA,NA,NA,NA,NA,NA,NA,NA,NA,NA,NA,NA,NA,NA,NA,NA,NA,NA
220902_Smp_TN397_U3_A,220602_Smp_TN397_U3_A,TN397,31.5634,-118.25816,19/11/2021,02:09:00,7,2021-11-19T10:00:00Z,18.75058637032676,33.52386685310568,31.95935156860465,-118.39318533997644,NA,NA,NA,NA,NA,NA,NA,NA,NA,NA,NA,NA,NA,NA,NA,NA,NA,NA,NA,NA
220902_Smp_TN397_U3_B,220602_Smp_TN397_U3_B,TN397,31.5634,-118.25816,19/11/2021,02:09:00,7,2021-11-19T10:00:00Z,18.75058637032676,33.52386685310568,31.95935156860465,-118.39318533997644,NA,NA,NA,NA,NA,NA,NA,NA,NA,NA,NA,NA,NA,NA,NA,NA,NA,NA,NA,NA
220902_Smp_TN397_U3_C,220602_Smp_TN397_U3_C,TN397,31.5634,-118.25816,19/11/2021,02:09:00,7,2021-11-19T10:00:00Z,18.75058637032676,33.52386685310568,31.95935156860465,-118.39318533997644,NA,NA,NA,NA,NA,NA,NA,NA,NA,NA,NA,NA,NA,NA,NA,NA,NA,NA,NA,NA
220902_Smp_TN397_U4_A,220602_Smp_TN397_U4_A,TN397,31.26598,-119.15959,19/11/2021,06:10:00,7,2021-11-19T14:00:00Z,17.16863861111111,33.421525333333335,31.474117346564817,-119.21342348824074,NA,NA,NA,NA,NA,NA,NA,NA,NA,NA,NA,NA,NA,NA,NA,NA,NA,NA,NA,NA
220902_Smp_TN397_U4_B,220602_Smp_TN397_U4_B,TN397,31.26598,-119.15959,19/11/2021,06:10:00,7,2021-11-19T14:00:00Z,17.16863861111111,33.421525333333335,31.474117346564817,-119.21342348824074,NA,NA,NA,NA,NA,NA,NA,NA,NA,NA,NA,NA,NA,NA,NA,NA,NA,NA,NA,NA
220902_Smp_TN397_U4_C,220602_Smp_TN397_U4_C,TN397,31.26598,-119.15959,19/11/2021,06:10:00,7,2021-11-19T14:00:00Z,17.16863861111111,33.421525333333335,31.474117346564817,-119.21342348824074,NA,NA,NA,NA,NA,NA,NA,NA,NA,NA,NA,NA,NA,NA,NA,NA,NA,NA,NA,NA
220902_Smp_TN397_U5_A,220602_Smp_TN397_U5_A,TN397,30.10413,-121.27565,19/11/2021,17:11:00,7,2021-11-20T01:00:00Z,17.48170490533563,33.23077814113597,30.160330435611492,-121.48150881312633,NA,NA,NA,NA,NA,NA,NA,0.15293835487552945,NA,NA,NA,NA,NA,NA,NA,NA,NA,NA,NA,NA
220902_Smp_TN397_U5_B,220602_Smp_TN397_U5_B,TN397,30.10413,-121.27565,19/11/2021,17:11:00,7,2021-11-20T01:00:00Z,17.48170490533563,33.23077814113597,30.160330435611492,-121.48150881312633,NA,NA,NA,NA,NA,NA,NA,0.15293835487552945,NA,NA,NA,NA,NA,NA,NA,NA,NA,NA,NA,NA
220902_Smp_TN397_U5_C,220602_Smp_TN397_U5_C,TN397,30.10413,-121.27565,19/11/2021,17:11:00,7,2021-11-20T01:00:00Z,17.48170490533563,33.23077814113597,30.160330435611492,-121.48150881312633,NA,NA,NA,NA,NA,NA,NA,0.15293835487552945,NA,NA,NA,NA,NA,NA,NA,NA,NA,NA,NA,NA
220902_Smp_TN397_U6_A,220602_Smp_TN397_U6_A,TN397,25.98,-128.46,21/11/2021,17:50:00,7,2021-11-22T02:00:00Z,20.85937113888889,34.26758686111111,25.99238947399537,-128.44891167844906,0.06680903464562789,NA,NA,0.004,NA,NA,NA,0.06680903464562789,1.6982556851725823,0.2677524051372526,0.004,NA,371.45298432535105,4.264570396967814,3.22,NA,NA,3.22,2.846561961700107,2.670063325797158
220902_Smp_TN397_U6_B,220602_Smp_TN397_U6_B,TN397,25.98,-128.46,21/11/2021,17:55:00,7,2021-11-22T02:00:00Z,20.85937113888889,34.26758686111111,25.99238947399537,-128.44891167844906,0.06680903464562789,NA,NA,0.004,NA,NA,NA,0.06680903464562789,1.6982556851725823,0.2677524051372526,0.004,NA,371.45298432535105,4.264570396967814,3.22,NA,NA,3.22,2.846561961700107,2.670063325797158
220902_Smp_TN397_U6_C,220602_Smp_TN397_U6_C,TN397,25.98,-128.46,21/11/2021,18:00:00,7,2021-11-22T02:00:00Z,20.85937113888889,34.26758686111111,25.99238947399537,-128.44891167844906,0.06680903464562789,NA,NA,0.004,NA,NA,NA,0.06680903464562789,1.6982556851725823,0.2677524051372526,0.004,NA,371.45298432535105,4.264570396967814,3.22,NA,NA,3.22,2.846561961700107,2.670063325797158
220902_Smp_TN397_U7_A,NA,TN397,24.43,-130.99,22/11/2021,06:54:00,7,2021-11-22T15:00:00Z,21.56673236111111,34.60383438888889,24.423298791949072,-131.00780181986573,0.07651280689476149,NA,NA,NA,NA,NA,NA,0.07651280689476149,1.4089981885340293,0.21691160320672936,0.00501231863400836,NA,377.9290104420409,4.248471502751039,NA,NA,NA,4.54364795865672,2.8957280031709716,2.2968426413869087
220902_Smp_TN397_U7_B,NA,TN397,24.43,-130.99,22/11/2021,06:54:00,7,2021-11-22T15:00:00Z,21.56673236111111,34.60383438888889,24.423298791949072,-131.00780181986573,0.07651280689476149,NA,NA,NA,NA,NA,NA,0.07651280689476149,1.4089981885340293,0.21691160320672936,0.00501231863400836,NA,377.9290104420409,4.248471502751039,NA,NA,NA,4.54364795865672,2.8957280031709716,2.2968426413869087
220902_Smp_TN397_U7_C,NA,TN397,24.43,-130.99,22/11/2021,06:54:00,7,2021-11-22T15:00:00Z,21.56673236111111,34.60383438888889,24.423298791949072,-131.00780181986573,0.07651280689476149,NA,NA,NA,NA,NA,NA,0.07651280689476149,1.4089981885340293,0.21691160320672936,0.00501231863400836,NA,377.9290104420409,4.248471502751039,NA,NA,NA,4.54364795865672,2.8957280031709716,2.2968426413869087
220902_Smp_TN397_U8_BB,NA,TN397,NA,NA,22/11/2021,13:40:00,7,2021-11-22T22:00:00Z,21.72288436111111,34.616864944444444,23.573418077675925,-132.3821078492037,0.0734399201785691,1.6147605090291013,0.2579481578630965,NA,NA,NA,NA,0.0734399201785691,1.6147605090291013,0.2579481578630965,0.00346683060841794,NA,380.7371297781109,4.241879482869796,NA,NA,NA,4.622428716033112,2.9087693995405988,2.6282963190249062
220902_Smp_TN397_U9_A,220602_Smp_TN397_U9_A,TN397,12.389,-139.9989,27/11/2021,17:54:00,7,2021-11-28T03:00:00Z,26.47869588888889,33.765298361111114,12.366909436421295,-139.99853466231946,0.09568873950763872,2.71980548523024,0.442025496129392,NA,NA,NA,NA,0.09568873950763872,2.71980548523024,0.442025496129392,0.00588257625779883,NA,569.1602746260384,6.417531677599683,NA,NA,NA,5.273697220510241,3.494391768957404,6.197092412513101
220902_Smp_TN397_U9_B,220602_Smp_TN397_U9_B,TN397,12.389,-139.9989,27/11/2021,17:54:00,7,2021-11-28T03:00:00Z,26.47869588888889,33.765298361111114,12.366909436421295,-139.99853466231946,0.09568873950763872,2.71980548523024,0.442025496129392,NA,NA,NA,NA,0.09568873950763872,2.71980548523024,0.442025496129392,0.00588257625779883,NA,569.1602746260384,6.417531677599683,NA,NA,NA,5.273697220510241,3.494391768957404,6.197092412513101
220902_Smp_TN397_U9_C,220602_Smp_TN397_U9_C,TN397,12.389,-139.9989,27/11/2021,17:54:00,7,2021-11-28T03:00:00Z,26.47869588888889,33.765298361111114,12.366909436421295,-139.99853466231946,0.09568873950763872,2.71980548523024,0.442025496129392,NA,NA,NA,NA,0.09568873950763872,2.71980548523024,0.442025496129392,0.00588257625779883,NA,569.1602746260384,6.417531677599683,NA,NA,NA,5.273697220510241,3.494391768957404,6.197092412513101
220902_Smp_TN397_U10_A,220602_Smp_TN397_U10_A,TN397,6.7602,-140.002,30/11/2021,17:48:00,7,2021-12-01T03:00:00Z,27.674182666666667,34.71529430555555,6.738013085101852,-140.00289755087962,0.14295317636468186,NA,NA,NA,NA,NA,NA,0.14295317636468186,2.5884847886372673,0.4113995392297405,0.3570251412193173,NA,550.4288488952096,6.447079693489744,NA,NA,NA,4.907070091847341,9.9882424000846175,14.864132763838892
220902_Smp_TN397_U10_B,220602_Smp_TN397_U10_B,TN397,6.7602,-140.002,30/11/2021,17:48:00,7,2021-12-01T03:00:00Z,27.674182666666667,34.71529430555555,6.738013085101852,-140.00289755087962,0.14295317636468186,NA,NA,NA,NA,NA,NA,0.14295317636468186,2.5884847886372673,0.4113995392297405,0.3570251412193173,NA,550.4288488952096,6.447079693489744,NA,NA,NA,4.907070091847341,9.9882424000846175,14.864132763838892
220902_Smp_TN397_U10_C,220602_Smp_TN397_U10_C,TN397,6.7602,-140.002,30/11/2021,17:48:00,7,2021-12-01T03:00:00Z,27.674182666666667,34.71529430555555,6.738013085101852,-140.00289755087962,0.14295317636468186,NA,NA,NA,NA,NA,NA,0.14295317636468186,2.5884847886372673,0.4113995392297405,0.3570251412193173,NA,550.4288488952096,6.447079693489744,NA,NA,NA,4.907070091847341,9.9882424000846175,14.864132763838892
220902_Smp_TN397_U11_A,220602_Smp_TN397_U11_A,TN397,3.015,-140.0059,2/12/21,18:00:00,7,2021-12-03T03:00:00Z,26.397741036687048,34.48564114785992,3.00917536217343,-140.00502745137112,0.16659364471365187,NA,NA,NA,NA,NA,NA,0.16659364471365187,3.245802401817418,0.5149755542123132,1.815,NA,566.3537783806538,6.6834635486653315,NA,NA,NA,5.22,13.228525265441553,17.06367554531728
220902_Smp_TN397_U11_B,220602_Smp_TN397_U11_B,TN397,3.015,-140.0059,2/12/21,18:00:00,7,2021-12-03T03:00:00Z,26.397741036687048,34.48564114785992,3.00917536217343,-140.00502745137112,0.16659364471365187,NA,NA,NA,NA,NA,NA,0.16659364471365187,3.245802401817418,0.5149755542123132,1.815,NA,566.3537783806538,6.6834635486653315,NA,NA,NA,5.22,13.228525265441553,17.06367554531728
220902_Smp_TN397_U11_C,220602_Smp_TN397_U11_C,TN397,3.015,-140.0059,2/12/21,18:00:00,7,2021-12-03T03:00:00Z,26.397741036687048,34.48564114785992,3.00917536217343,-140.00502745137112,0.16659364471365187,NA,NA,NA,NA,NA,NA,0.16659364471365187,3.245802401817418,0.5149755542123132,1.815,NA,566.3537783806538,6.6834635486653315,NA,NA,NA,5.22,13.228525265441553,17.06367554531728
220902_Smp_TN397_U12_A,220602_Smp_TN397_U12_A,TN397,-1.06,-140.0009,5/12/21,18:00:00,7,2021-12-06T03:00:00Z,25.099049944444445,35.021242,-1.0515224286064817,-140.00039471445834,0.2070444195290762,4.493484229863292,0.7102757651635612,NA,NA,NA,NA,0.2070444195290762,4.493484229863292,0.7102757651635612,6.818877777738236,NA,590.385553389228,6.72215087358393,NA,NA,NA,4.87,13.632019601490786,21.200425424865287
220902_Smp_TN397_U12_B,220602_Smp_TN397_U12_B,TN397,-1.06,-140.0009,5/12/21,18:00:00,7,2021-12-06T03:00:00Z,25.099049944444445,35.021242,-1.0515224286064817,-140.00039471445834,0.2070444195290762,4.493484229863292,0.7102757651635612,NA,NA,NA,NA,0.2070444195290762,4.493484229863292,0.7102757651635612,6.818877777738236,NA,590.385553389228,6.72215087358393,NA,NA,NA,4.87,13.632019601490786,21.200425424865287
220902_Smp_TN397_U12_C,220602_Smp_TN397_U12_C,TN397,-1.06,-140.0009,5/12/21,18:00:00,7,2021-12-06T03:00:00Z,25.099049944444445,35.021242,-1.0515224286064817,-140.00039471445834,0.2070444195290762,4.493484229863292,0.7102757651635612,NA,NA,NA,NA,0.2070444195290762,4.493484229863292,0.7102757651635612,6.818877777738236,NA,590.385553389228,6.72215087358393,NA,NA,NA,4.87,13.632019601490786,21.200425424865287
220902_Smp_TN397_U13_A,220602_Smp_TN397_U13_A,TN397,-1.3236,-140.8926,7/12/21,11:09:00,7,2021-12-07T20:00:00Z,25.905523083333332,35.28142008333333,-1.3564914559305556,-140.87194196750465,0.12266997818198142,NA,NA,NA,NA,NA,NA,0.12266997818198142,1.7894724059318747,0.3163958621576065,6.998409229470231,NA,685.5222686122233,7.613739513648033,NA,NA,NA,4.885786383165966,12.608583117160268,26.822054814223957
220902_Smp_TN397_U13_B,220602_Smp_TN397_U13_B,TN397,-1.3236,-140.8926,7/12/21,11:09:00,7,2021-12-07T20:00:00Z,25.905523083333332,35.28142008333333,-1.3564914559305556,-140.87194196750465,0.12266997818198142,NA,NA,NA,NA,NA,NA,0.12266997818198142,1.7894724059318747,0.3163958621576065,6.998409229470231,NA,685.5222686122233,7.613739513648033,NA,NA,NA,4.885786383165966,12.608583117160268,26.822054814223957
220902_Smp_TN397_U13_C,220602_Smp_TN397_U13_C,TN397,-1.3236,-140.8926,7/12/21,11:09:00,7,2021-12-07T20:00:00Z,25.905523083333332,35.28142008333333,-1.3564914559305556,-140.87194196750465,0.12266997818198142,NA,NA,NA,NA,NA,NA,0.12266997818198142,1.7894724059318747,0.3163958621576065,6.998409229470231,NA,685.5222686122233,7.613739513648033,NA,NA,NA,4.885786383165966,12.608583117160268,26.822054814223957
220902_Smp_TN397_S11_600_U_C,NA,TN397,0.1459,-139.9081,4/12/21,06:00:00,7,2021-12-04T15:00:00Z,24.755184581626683,34.774688531304854,0.15160365402038226,-139.91159044042325,0.2314889069628125,NA,NA,NA,NA,NA,NA,0.2314889069628125,2.923696597740548,0.5169324508729173,6.150601734960341,NA,604.9422126612983,7.032939323292968,NA,NA,NA,4.983475976074509,22.807852063172582,19.69083412874232
NA,220602_Smp_KM1906_GBTK1_0nM_A,TN397,NA,NA,NA,NA,NA,NA,NA,NA,NA,NA,NA,NA,NA,NA,NA,NA,NA,NA,NA,NA,NA,NA,NA,NA,NA,NA,NA,NA,NA,NA
NA,220602_Smp_KM1906_GBTK1_0nM_B,TN397,NA,NA,NA,NA,NA,NA,NA,NA,NA,NA,NA,NA,NA,NA,NA,NA,NA,NA,NA,NA,NA,NA,NA,NA,NA,NA,NA,NA,NA,NA
NA,220602_Smp_KM1906_GBTK1_0nM_C,TN397,NA,NA,NA,NA,NA,NA,NA,NA,NA,NA,NA,NA,NA,NA,NA,NA,NA,NA,NA,NA,NA,NA,NA,NA,NA,NA,NA,NA,NA,NA
NA,220602_Smp_TN397_S11_600_U_C,TN397,NA,NA,NA,NA,NA,NA,NA,NA,NA,NA,NA,NA,NA,NA,NA,NA,NA,NA,NA,NA,NA,NA,NA,NA,NA,NA,NA,NA,NA,NA
NA,220602_Smp_KM1906_GBT_F2_T0_A,TN397,NA,NA,NA,NA,NA,NA,NA,NA,NA,NA,NA,NA,NA,NA,NA,NA,NA,NA,NA,NA,NA,NA,NA,NA,NA,NA,NA,NA,NA,NA
NA,220602_Smp_TN397_UCH1_Gluc_A,TN397,NA,NA,NA,NA,NA,NA,NA,NA,NA,NA,NA,NA,NA,NA,NA,NA,NA,NA,NA,NA,NA,NA,NA,NA,NA,NA,NA,NA,NA,NA
NA,220602_Smp_TN397_UCH1_Gluc_B,TN397,NA,NA,NA,NA,NA,NA,NA,NA,NA,NA,NA,NA,NA,NA,NA,NA,NA,NA,NA,NA,NA,NA,NA,NA,NA,NA,NA,NA,NA,NA
NA,220602_Smp_TN397_UCH1_Gluc_C,TN397,NA,NA,NA,NA,NA,NA,NA,NA,NA,NA,NA,NA,NA,NA,NA,NA,NA,NA,NA,NA,NA,NA,NA,NA,NA,NA,NA,NA,NA,NA
NA,220602_Smp_TN397_UKH1_0nM_A,TN397,17.116,-140.001,26/11/21,12:45:00,NA,2021-11-26T22:00:00Z,25.699961388888887,34.34549725,17.068180703541667,-140.00247853712963,0.07479038084686171,NA,NA,NA,NA,NA,NA,0.07479038084686171,1.379362990321373,0.2184825193471979,0.01604004959054505,NA,388.23550136153943,4.082617856607428,NA,NA,NA,4.775485324793361,3.54619176169323,4.9295348548795985
NA,220602_Smp_TN397_UKH1_0nM_B,TN397,17.116,-140.001,26/11/21,12:45:00,NA,2021-11-26T22:00:00Z,25.699961388888887,34.34549725,17.068180703541667,-140.00247853712963,0.07479038084686171,NA,NA,NA,NA,NA,NA,0.07479038084686171,1.379362990321373,0.2184825193471979,0.01604004959054505,NA,388.23550136153943,4.082617856607428,NA,NA,NA,4.775485324793361,3.54619176169323,4.9295348548795985
NA,220602_Smp_TN397_UKH1_0nM_C,TN397,17.116,-140.001,26/11/21,12:45:00,NA,2021-11-26T22:00:00Z,25.699961388888887,34.34549725,17.068180703541667,-140.00247853712963,0.07479038084686171,NA,NA,NA,NA,NA,NA,0.07479038084686171,1.379362990321373,0.2184825193471979,0.01604004959054505,NA,388.23550136153943,4.082617856607428,NA,NA,NA,4.775485324793361,3.54619176169323,4.9295348548795985
NA,220602_Smp_TN397_UKH2_0nM_A,TN397,10.6996,-139.99,28/11/21,13:10:00,NA,2021-11-28T22:00:00Z,26.88172561111111,33.76752988888889,10.70016610888426,-139.99417446766665,0.06867556776263975,NA,NA,0.06,NA,NA,NA,0.06867556776263975,1.6303095118976876,0.27707871135692835,0.06,NA,445.4730595731878,5.105266776403307,4.55,NA,NA,4.55,3.729003627094981,5.5116365995723555
NA,220602_Smp_TN397_UKH2_0nM_B,TN397,10.6996,-139.99,28/11/21,13:10:00,NA,2021-11-28T22:00:00Z,26.88172561111111,33.76752988888889,10.70016610888426,-139.99417446766665,0.06867556776263975,NA,NA,0.06,NA,NA,NA,0.06867556776263975,1.6303095118976876,0.27707871135692835,0.06,NA,445.4730595731878,5.105266776403307,4.55,NA,NA,4.55,3.729003627094981,5.5116365995723555
NA,220602_Smp_TN397_UKH2_0nM_C,TN397,10.6996,-139.99,28/11/21,13:10:00,NA,2021-11-28T22:00:00Z,26.88172561111111,33.76752988888889,10.70016610888426,-139.99417446766665,0.06867556776263975,NA,NA,0.06,NA,NA,NA,0.06867556776263975,1.6303095118976876,0.27707871135692835,0.06,NA,445.4730595731878,5.105266776403307,4.55,NA,NA,4.55,3.729003627094981,5.5116365995723555
NA,220602_Smp_TN397_UKH3_0nM_A,TN397,4.7687,-139.9881,1/12/21,13:27:00,NA,2021-12-01T22:00:00Z,25.907683777777777,34.568798638888886,4.768720428342593,-139.98807264392593,0.14304245272710484,NA,NA,2.93,NA,NA,NA,0.14304245272710484,2.981124615251038,0.47988124526750936,2.93,NA,555.0818404881277,7.112495150706814,3.76,NA,NA,3.76,12.6691423066893,19.60645769595783
NA,220602_Smp_TN397_UKH3_0nM_B,TN397,4.7687,-139.9881,1/12/21,13:27:00,NA,2021-12-01T22:00:00Z,25.907683777777777,34.568798638888886,4.768720428342593,-139.98807264392593,0.14304245272710484,NA,NA,2.93,NA,NA,NA,0.14304245272710484,2.981124615251038,0.47988124526750936,2.93,NA,555.0818404881277,7.112495150706814,3.76,NA,NA,3.76,12.6691423066893,19.60645769595783
NA,220602_Smp_TN397_UKH3_0nM_C,TN397,4.7687,-139.9881,1/12/21,13:27:00,NA,2021-12-01T22:00:00Z,25.907683777777777,34.568798638888886,4.768720428342593,-139.98807264392593,0.14304245272710484,NA,NA,2.93,NA,NA,NA,0.14304245272710484,2.981124615251038,0.47988124526750936,2.93,NA,555.0818404881277,7.112495150706814,3.76,NA,NA,3.76,12.6691423066893,19.60645769595783
NA,220602_Smp_TN397_UKH4_0nM_A,TN397,-0.192,-140.001,5/12/21,13:05:00,NA,2021-12-05T22:00:00Z,24.76296877777778,34.922194,-0.17110416660185182,-140.00056888913426,0.21445763604371368,NA,NA,6.31,NA,NA,NA,0.21445763604371368,2.9668411664465077,0.5016268214337469,6.31,NA,596.8020851789454,6.84519326981698,4.7,NA,NA,4.7,14.754686151774088,22.468871813642775
NA,220602_Smp_TN397_UKH4_0nM_B,TN397,-0.192,-140.001,5/12/21,13:05:00,NA,2021-12-05T22:00:00Z,24.76296877777778,34.922194,-0.17110416660185182,-140.00056888913426,0.21445763604371368,NA,NA,6.31,NA,NA,NA,0.21445763604371368,2.9668411664465077,0.5016268214337469,6.31,NA,596.8020851789454,6.84519326981698,4.7,NA,NA,4.7,14.754686151774088,22.468871813642775
NA,220602_Smp_TN397_UKH4_0nM_C,TN397,-0.192,-140.001,5/12/21,13:05:00,NA,2021-12-05T22:00:00Z,24.76296877777778,34.922194,-0.17110416660185182,-140.00056888913426,0.21445763604371368,NA,NA,6.31,NA,NA,NA,0.21445763604371368,2.9668411664465077,0.5016268214337469,6.31,NA,596.8020851789454,6.84519326981698,4.7,NA,NA,4.7,14.754686151774088,22.468871813642775
NA,220602_Smp_TN397_UKH5_0nM_A,TN397,6.9778,-147.0038,10/12/21,13:20:00,NA,2021-12-10T22:00:00Z,27.793830416666665,34.66998777777778,6.926071989777777,-146.96521498184725,0.16918037274549377,NA,NA,NA,NA,NA,NA,0.16918037274549377,2.0011638263030376,0.33475977756573905,0.9520968963348544,NA,691.4394454170842,7.770639145228239,NA,NA,NA,5.5876883950975085,11.879137175493629,16.247572829233597
NA,220602_Smp_TN397_UKH5_0nM_B,TN397,6.9778,-147.0038,10/12/21,13:20:00,NA,2021-12-10T22:00:00Z,27.793830416666665,34.66998777777778,6.926071989777777,-146.96521498184725,0.16918037274549377,NA,NA,NA,NA,NA,NA,0.16918037274549377,2.0011638263030376,0.33475977756573905,0.9520968963348544,NA,691.4394454170842,7.770639145228239,NA,NA,NA,5.5876883950975085,11.879137175493629,16.247572829233597
NA,220602_Smp_TN397_UKH5_0nM_C,TN397,6.9778,-147.0038,10/12/21,13:20:00,NA,2021-12-10T22:00:00Z,27.793830416666665,34.66998777777778,6.926071989777777,-146.96521498184725,0.16918037274549377,NA,NA,NA,NA,NA,NA,0.16918037274549377,2.0011638263030376,0.33475977756573905,0.9520968963348544,NA,691.4394454170842,7.770639145228239,NA,NA,NA,5.5876883950975085,11.879137175493629,16.247572829233597
NA,220602_Smp_TN397_UKT1_0nM_A,TN397,13.3966,-140.001,27/11/21,12:35:00,NA,2021-11-27T22:00:00Z,26.543087437774524,33.61342650073207,13.3248371565959,-139.9984153667106,0.07008398236138104,NA,NA,0.007,NA,NA,NA,0.07008398236138104,1.5825938977042084,0.2647428882638606,0.007,NA,597.6265909769088,6.718934080923067,5.01,NA,NA,5.01,3.504656623584324,6.868938634007408
NA,220602_Smp_TN397_UKT1_0nM_B,TN397,13.3966,-140.001,27/11/21,12:35:00,NA,2021-11-27T22:00:00Z,26.543087437774524,33.61342650073207,13.3248371565959,-139.9984153667106,0.07008398236138104,NA,NA,0.007,NA,NA,NA,0.07008398236138104,1.5825938977042084,0.2647428882638606,0.007,NA,597.6265909769088,6.718934080923067,5.01,NA,NA,5.01,3.504656623584324,6.868938634007408
NA,220602_Smp_TN397_UKT1_0nM_C,TN397,13.3966,-140.001,27/11/21,12:35:00,NA,2021-11-27T22:00:00Z,26.543087437774524,33.61342650073207,13.3248371565959,-139.9984153667106,0.07008398236138104,NA,NA,0.007,NA,NA,NA,0.07008398236138104,1.5825938977042084,0.2647428882638606,0.007,NA,597.6265909769088,6.718934080923067,5.01,NA,NA,5.01,3.504656623584324,6.868938634007408
NA,220602_Smp_TN397_UKT2_0nM_A,TN397,7.7345,-139.9997,20/11/2021,13:01:00,NA,2021-11-20T21:00:00Z,19.619904805555556,33.36413130555555,28.436056317458338,-124.40293098120372,0.04731084528162983,NA,NA,NA,NA,NA,NA,0.04731084528162983,1.4367145618109578,0.24359441873368912,0.00349931486428218,NA,349.70201392522875,4.077643700049745,NA,NA,NA,4.603251269967295,2.440099160959626,2.7807103012253127
NA,220602_Smp_TN397_UKT2_0nM_B,TN397,7.7345,-139.9997,20/11/2021,13:01:00,NA,2021-11-20T21:00:00Z,19.619904805555556,33.36413130555555,28.436056317458338,-124.40293098120372,0.04731084528162983,NA,NA,NA,NA,NA,NA,0.04731084528162983,1.4367145618109578,0.24359441873368912,0.00349931486428218,NA,349.70201392522875,4.077643700049745,NA,NA,NA,4.603251269967295,2.440099160959626,2.7807103012253127
NA,220602_Smp_TN397_UKT2_0nM_C,TN397,7.7345,-139.9997,20/11/2021,13:01:00,NA,2021-11-20T21:00:00Z,19.619904805555556,33.36413130555555,28.436056317458338,-124.40293098120372,0.04731084528162983,NA,NA,NA,NA,NA,NA,0.04731084528162983,1.4367145618109578,0.24359441873368912,0.00349931486428218,NA,349.70201392522875,4.077643700049745,NA,NA,NA,4.603251269967295,2.440099160959626,2.7807103012253127
NA,220602_Smp_TN397_UKT3_0nM_A,TN397,0.4599,-139.9989,3/12/21,13:20:00,NA,2021-12-03T22:00:00Z,25.31937886111111,34.73731061111111,0.5275964817731481,-139.99900396033797,0.17738386140679896,2.929257084198474,0.4875016338962881,NA,NA,NA,NA,0.17738386140679896,2.929257084198474,0.4875016338962881,2.809516094105034,NA,579.3723233465588,6.563378055171309,NA,NA,NA,3.3841748068741064,18.19025534576275,20.250117877349876
NA,220602_Smp_TN397_UKT3_0nM_B,TN397,0.4599,-139.9989,3/12/21,13:20:00,NA,2021-12-03T22:00:00Z,25.31937886111111,34.73731061111111,0.5275964817731481,-139.99900396033797,0.17738386140679896,2.929257084198474,0.4875016338962881,NA,NA,NA,NA,0.17738386140679896,2.929257084198474,0.4875016338962881,2.809516094105034,NA,579.3723233465588,6.563378055171309,NA,NA,NA,3.3841748068741064,18.19025534576275,20.250117877349876
NA,220602_Smp_TN397_UKT3_0nM_C,TN397,0.4599,-139.9989,3/12/21,13:20:00,NA,2021-12-03T22:00:00Z,25.31937886111111,34.73731061111111,0.5275964817731481,-139.99900396033797,0.17738386140679896,2.929257084198474,0.4875016338962881,NA,NA,NA,NA,0.17738386140679896,2.929257084198474,0.4875016338962881,2.809516094105034,NA,579.3723233465588,6.563378055171309,NA,NA,NA,3.3841748068741064,18.19025534576275,20.250117877349876
NA,220602_Smp_TN397_UKT4_0nM_A,TN397,-1.0313,-141.0829,6/12/21,12:34:00,NA,2021-12-06T22:00:00Z,26.12653427777778,35.25232088888889,-2.492693211546296,-140.01048796107406,0.10223565123904826,NA,NA,NA,NA,NA,NA,0.10223565123904826,2.327410891254917,0.4103929260529124,7.324024880296096,NA,570.0107706767908,6.334245886507392,NA,NA,NA,4.9794263770658524,12.58819983119098,16.500724673563724
NA,220602_Smp_TN397_UKT4_0nM_B,TN397,-1.0313,-141.0829,6/12/21,12:34:00,NA,2021-12-06T22:00:00Z,26.12653427777778,35.25232088888889,-2.492693211546296,-140.01048796107406,0.10223565123904826,NA,NA,NA,NA,NA,NA,0.10223565123904826,2.327410891254917,0.4103929260529124,7.324024880296096,NA,570.0107706767908,6.334245886507392,NA,NA,NA,4.9794263770658524,12.58819983119098,16.500724673563724
NA,220602_Smp_TN397_UKT4_0nM_C,TN397,-1.0313,-141.0829,6/12/21,12:34:00,NA,2021-12-06T22:00:00Z,26.12653427777778,35.25232088888889,-2.492693211546296,-140.01048796107406,0.10223565123904826,NA,NA,NA,NA,NA,NA,0.10223565123904826,2.327410891254917,0.4103929260529124,7.324024880296096,NA,570.0107706767908,6.334245886507392,NA,NA,NA,4.9794263770658524,12.58819983119098,16.500724673563724
NA,220602_Smp_TN397_UKT5_0nM_A,TN397,9.5376,-148.9155,11/12/21,12:47:00,NA,2021-12-11T23:00:00Z,27.587689583333333,34.05636672222222,9.55830151485648,-148.92848449539815,0.04965510160561791,NA,NA,NA,NA,NA,NA,0.04965510160561791,1.333396697795785,0.2075003035275124,NA,NA,NA,NA,NA,NA,NA,NA,NA,NA
NA,220602_Smp_TN397_UKT5_0nM_B,TN397,9.5376,-148.9155,11/12/21,12:47:00,NA,2021-12-11T23:00:00Z,27.587689583333333,34.05636672222222,9.55830151485648,-148.92848449539815,0.04965510160561791,NA,NA,NA,NA,NA,NA,0.04965510160561791,1.333396697795785,0.2075003035275124,NA,NA,NA,NA,NA,NA,NA,NA,NA,NA
NA,220602_Smp_TN397_UKT5_0nM_C,TN397,9.5376,-148.9155,11/12/21,12:47:00,NA,2021-12-11T23:00:00Z,27.587689583333333,34.05636672222222,9.55830151485648,-148.92848449539815,0.04965510160561791,NA,NA,NA,NA,NA,NA,0.04965510160561791,1.333396697795785,0.2075003035275124,NA,NA,NA,NA,NA,NA,NA,NA,NA,NA
NA,220602_Smp_TN397_UnfiltMQ1_A,TN397,NA,NA,NA,NA,NA,NA,NA,NA,NA,NA,NA,NA,NA,NA,NA,NA,NA,NA,NA,NA,NA,NA,NA,NA,NA,NA,NA,NA,NA,NA
NA,220602_Smp_TN397_UnfiltMQ1_B,TN397,NA,NA,NA,NA,NA,NA,NA,NA,NA,NA,NA,NA,NA,NA,NA,NA,NA,NA,NA,NA,NA,NA,NA,NA,NA,NA,NA,NA,NA,NA
NA,220602_Smp_TN397_UnfiltMQ1_C,TN397,NA,NA,NA,NA,NA,NA,NA,NA,NA,NA,NA,NA,NA,NA,NA,NA,NA,NA,NA,NA,NA,NA,NA,NA,NA,NA,NA,NA,NA,NA
220628_Smp_MU1_A,220623_Smp_MU1_A,KM1906,22.24,-158,4/10/19,05:30:00,7,2019-04-10T16:00:00Z,24.18130638888889,34.56315083333333,22.467798173888887,-158.00056655555557,0.0732441,NA,NA,NA,NA,NA,NA,0.0732441,NA,NA,NA,NA,NA,NA,NA,NA,NA,NA,NA,NA
220628_Smp_MU1_B,220623_Smp_MU1_B,KM1906,22.24,-158,4/10/19,05:30:00,7,2019-04-10T16:00:00Z,24.18130638888889,34.56315083333333,22.467798173888887,-158.00056655555557,0.0732441,NA,NA,NA,NA,NA,NA,0.0732441,NA,NA,NA,NA,NA,NA,NA,NA,NA,NA,NA,NA
220628_Smp_MU1_C,220623_Smp_MU1_C,KM1906,22.24,-158,4/10/19,05:30:00,7,2019-04-10T16:00:00Z,24.18130638888889,34.56315083333333,22.467798173888887,-158.00056655555557,0.0732441,NA,NA,NA,NA,NA,NA,0.0732441,NA,NA,NA,NA,NA,NA,NA,NA,NA,NA,NA,NA
220628_Smp_MU2_A,220623_Smp_MU2_A,KM1906,24.1,-158,4/10/19,18:40:00,7,2019-04-11T05:00:00Z,23.58302861111111,34.787930555555555,24.298219329166667,-157.99901139416667,0.06981958,NA,NA,NA,NA,NA,NA,0.06981958,NA,NA,NA,NA,NA,NA,NA,NA,NA,NA,NA,NA
220628_Smp_MU2_B,220623_Smp_MU2_B,KM1906,24.1,-158,4/10/19,18:40:00,7,2019-04-11T05:00:00Z,23.58302861111111,34.787930555555555,24.298219329166667,-157.99901139416667,0.06981958,NA,NA,NA,NA,NA,NA,0.06981958,NA,NA,NA,NA,NA,NA,NA,NA,NA,NA,NA,NA
220628_Smp_MU2_C,220623_Smp_MU2_C,KM1906,24.1,-158,4/10/19,18:40:00,7,2019-04-11T05:00:00Z,23.58302861111111,34.787930555555555,24.298219329166667,-157.99901139416667,0.06981958,NA,NA,NA,NA,NA,NA,0.06981958,NA,NA,NA,NA,NA,NA,NA,NA,NA,NA,NA,NA
220628_Smp_MU3_A,220623_Smp_MU3_A,KM1906,25.55,-158,4/11/19,05:45:00,7,2019-04-11T16:00:00Z,NA,NA,NA,NA,NA,NA,NA,NA,NA,NA,NA,NA,NA,NA,NA,NA,NA,NA,NA,NA,NA,NA,NA,NA
220628_Smp_MU3_B,220623_Smp_MU3_B,KM1906,25.55,-158,4/11/19,05:45:00,7,2019-04-11T16:00:00Z,NA,NA,NA,NA,NA,NA,NA,NA,NA,NA,NA,NA,NA,NA,NA,NA,NA,NA,NA,NA,NA,NA,NA,NA
220628_Smp_MU3_C,220623_Smp_MU3_C,KM1906,25.55,-158,4/11/19,05:45:00,7,2019-04-11T16:00:00Z,NA,NA,NA,NA,NA,NA,NA,NA,NA,NA,NA,NA,NA,NA,NA,NA,NA,NA,NA,NA,NA,NA,NA,NA
220628_Smp_MU4_A,220623_Smp_MU4_A,KM1906,27.47,-158,4/11/19,18:40:00,7,2019-04-12T05:00:00Z,21.2004375,35.22767972222222,27.802651723333337,-157.99980723055555,0.07966526,3.1747165520029874,0.4410409602028585,NA,NA,NA,NA,0.07966526,3.1747165520029874,0.4410409602028585,NA,NA,NA,NA,NA,NA,NA,NA,NA,NA
220628_Smp_MU4_B,220623_Smp_MU4_B,KM1906,27.47,-158,4/11/19,18:40:00,7,2019-04-12T05:00:00Z,21.2004375,35.22767972222222,27.802651723333337,-157.99980723055555,0.07966526,3.1747165520029874,0.4410409602028585,NA,NA,NA,NA,0.07966526,3.1747165520029874,0.4410409602028585,NA,NA,NA,NA,NA,NA,NA,NA,NA,NA
220628_Smp_MU4_C,220623_Smp_MU4_C,KM1906,27.47,-158,4/11/19,18:40:00,7,2019-04-12T05:00:00Z,21.2004375,35.22767972222222,27.802651723333337,-157.99980723055555,0.07966526,3.1747165520029874,0.4410409602028585,NA,NA,NA,NA,0.07966526,3.1747165520029874,0.4410409602028585,NA,NA,NA,NA,NA,NA,NA,NA,NA,NA
220628_Smp_MU5_A,220623_Smp_MU5_A,KM1906,29.28,-158,4/12/19,05:40:00,7,2019-04-12T16:00:00Z,19.634418055555557,35.15114138888889,29.487828699722225,-157.99915732722224,0.05844706,NA,NA,NA,NA,NA,NA,0.05844706,2.423437205981798,0.41226336756122,NA,NA,NA,NA,NA,NA,NA,NA,NA,NA
220628_Smp_MU5_B,220623_Smp_MU5_B,KM1906,29.28,-158,4/12/19,05:40:00,7,2019-04-12T16:00:00Z,19.634418055555557,35.15114138888889,29.487828699722225,-157.99915732722224,0.05844706,NA,NA,NA,NA,NA,NA,0.05844706,2.423437205981798,0.41226336756122,NA,NA,NA,NA,NA,NA,NA,NA,NA,NA
220628_Smp_MU5_C,220623_Smp_MU5_C,KM1906,29.28,-158,4/12/19,05:40:00,7,2019-04-12T16:00:00Z,19.634418055555557,35.15114138888889,29.487828699722225,-157.99915732722224,0.05844706,NA,NA,NA,NA,NA,NA,0.05844706,2.423437205981798,0.41226336756122,NA,NA,NA,NA,NA,NA,NA,NA,NA,NA
220628_Smp_MU6_A,220623_Smp_MU6_A,KM1906,31.1,-158,4/12/19,18:20:00,7,2019-04-13T04:00:00Z,19.2527575,35.09954277777778,31.090631384166667,-158.00105885083337,NA,NA,NA,NA,NA,410.2764154110964,5.144872127838143,0.06571155176417522,2.211415063254744,0.36082710524139266,NA,NA,410.2764154110964,5.144872127838143,NA,NA,NA,NA,NA,NA
220628_Smp_MU6_B,220623_Smp_MU6_B,KM1906,31.1,-158,4/12/19,18:20:00,7,2019-04-13T04:00:00Z,19.2527575,35.09954277777778,31.090631384166667,-158.00105885083337,NA,NA,NA,NA,NA,410.2764154110964,5.144872127838143,0.06571155176417522,2.211415063254744,0.36082710524139266,NA,NA,410.2764154110964,5.144872127838143,NA,NA,NA,NA,NA,NA
220628_Smp_MU6_C,220623_Smp_MU6_C,KM1906,31.1,-158,4/12/19,18:20:00,7,2019-04-13T04:00:00Z,19.2527575,35.09954277777778,31.090631384166667,-158.00105885083337,NA,NA,NA,NA,NA,410.2764154110964,5.144872127838143,0.06571155176417522,2.211415063254744,0.36082710524139266,NA,NA,410.2764154110964,5.144872127838143,NA,NA,NA,NA,NA,NA
220628_Smp_MU7_A,220623_Smp_MU7_A,KM1906,32.18,-158,4/13/19,05:45:00,7,2019-04-13T16:00:00Z,17.845815833333333,34.67115472222222,32.3349472425,-157.99969918916668,0.0713909,2.4710027031765245,0.4053569151957016,NA,NA,NA,NA,0.0713909,2.4710027031765245,0.4053569151957016,NA,NA,501.3981585531044,7.597461422034426,NA,NA,NA,NA,NA,NA
220628_Smp_MU7_B,220623_Smp_MU7_B,KM1906,32.18,-158,4/13/19,05:45:00,7,2019-04-13T16:00:00Z,17.845815833333333,34.67115472222222,32.3349472425,-157.99969918916668,0.0713909,2.4710027031765245,0.4053569151957016,NA,NA,NA,NA,0.0713909,2.4710027031765245,0.4053569151957016,NA,NA,501.3981585531044,7.597461422034426,NA,NA,NA,NA,NA,NA
220628_Smp_MU7_C,220623_Smp_MU7_C,KM1906,32.18,-158,4/13/19,05:45:00,7,2019-04-13T16:00:00Z,17.845815833333333,34.67115472222222,32.3349472425,-157.99969918916668,0.0713909,2.4710027031765245,0.4053569151957016,NA,NA,NA,NA,0.0713909,2.4710027031765245,0.4053569151957016,NA,NA,501.3981585531044,7.597461422034426,NA,NA,NA,NA,NA,NA
220628_Smp_MU8_A,220623_Smp_MU8_A,KM1906,34.16,-158,4/13/19,18:45:00,7,2019-04-14T05:00:00Z,15.886869444444445,34.170071944444445,34.30719494277778,-158.0001026286111,0.09556212,3.3798321717581885,0.5787229527631325,0.001,NA,NA,NA,0.09556212,3.3798321717581885,0.5787229527631325,0.001,NA,560.8602316279477,9.066399158173931,NA,NA,NA,NA,NA,NA
220628_Smp_MU8_B,220623_Smp_MU8_B,KM1906,34.16,-158,4/13/19,18:45:00,7,2019-04-14T05:00:00Z,15.886869444444445,34.170071944444445,34.30719494277778,-158.0001026286111,0.09556212,3.3798321717581885,0.5787229527631325,0.001,NA,NA,NA,0.09556212,3.3798321717581885,0.5787229527631325,0.001,NA,560.8602316279477,9.066399158173931,NA,NA,NA,NA,NA,NA
220628_Smp_MU8_C,220623_Smp_MU8_C,KM1906,34.16,-158,4/13/19,18:45:00,7,2019-04-14T05:00:00Z,15.886869444444445,34.170071944444445,34.30719494277778,-158.0001026286111,0.09556212,3.3798321717581885,0.5787229527631325,0.001,NA,NA,NA,0.09556212,3.3798321717581885,0.5787229527631325,0.001,NA,560.8602316279477,9.066399158173931,NA,NA,NA,NA,NA,NA
220628_Smp_MU9_A,220623_Smp_MU9_A,KM1906,35.59,-158,4/14/19,06:00:00,7,2019-04-14T16:00:00Z,14.626659722222222,34.063073611111115,35.975976095,-158.00100828305557,0.15817978,3.3874050300369136,0.6684498324592087,NA,NA,NA,NA,0.15817978,3.3874050300369136,0.6684498324592087,0.001,NA,570.8326896744156,9.237776588834445,NA,NA,NA,NA,NA,NA
220628_Smp_MU9_B,220623_Smp_MU9_B,KM1906,35.59,-158,4/14/19,06:00:00,7,2019-04-14T16:00:00Z,14.626659722222222,34.063073611111115,35.975976095,-158.00100828305557,0.15817978,3.3874050300369136,0.6684498324592087,NA,NA,NA,NA,0.15817978,3.3874050300369136,0.6684498324592087,0.001,NA,570.8326896744156,9.237776588834445,NA,NA,NA,NA,NA,NA
220628_Smp_MU9_C,220623_Smp_MU9_C,KM1906,35.59,-158,4/14/19,06:00:00,7,2019-04-14T16:00:00Z,14.626659722222222,34.063073611111115,35.975976095,-158.00100828305557,0.15817978,3.3874050300369136,0.6684498324592087,NA,NA,NA,NA,0.15817978,3.3874050300369136,0.6684498324592087,0.001,NA,570.8326896744156,9.237776588834445,NA,NA,NA,NA,NA,NA
220628_Smp_MU10_A,220623_Smp_MU10_A,KM1906,36.57,-158,4/14/19,18:20:00,7,2019-04-15T04:00:00Z,13.583664945125888,33.68988411878632,36.92137450839251,-158.00369116785023,0.21341308,NA,NA,0.6530409276342212,NA,NA,NA,0.21341308,6.4306006208916635,2.5834134615687576,0.6530409276342212,NA,482.080293212526,7.579988629524573,NA,NA,NA,NA,NA,NA
220628_Smp_MU10_B,220623_Smp_MU10_B,KM1906,36.57,-158,4/14/19,18:20:00,7,2019-04-15T04:00:00Z,13.583664945125888,33.68988411878632,36.92137450839251,-158.00369116785023,0.21341308,NA,NA,0.6530409276342212,NA,NA,NA,0.21341308,6.4306006208916635,2.5834134615687576,0.6530409276342212,NA,482.080293212526,7.579988629524573,NA,NA,NA,NA,NA,NA
220628_Smp_MU10_C,220623_Smp_MU10_C,KM1906,36.57,-158,4/14/19,18:20:00,7,2019-04-15T04:00:00Z,13.583664945125888,33.68988411878632,36.92137450839251,-158.00369116785023,0.21341308,NA,NA,0.6530409276342212,NA,NA,NA,0.21341308,6.4306006208916635,2.5834134615687576,0.6530409276342212,NA,482.080293212526,7.579988629524573,NA,NA,NA,NA,NA,NA
220628_Smp_MU11_A,220623_Smp_MU11_A,KM1906,38.58,-158,4/15/19,05:30:00,7,2019-04-15T16:00:00Z,11.993045277777778,33.545141944444445,39.03301330222222,-157.99889238694445,0.59397786,NA,NA,0.3054463594685514,NA,NA,NA,0.59397786,8.95139834651044,1.514717749216239,0.3054463594685514,NA,371.56764218044685,5.374246497160364,NA,NA,NA,NA,NA,NA
220628_Smp_MU11_B,220623_Smp_MU11_B,KM1906,38.58,-158,4/15/19,05:30:00,7,2019-04-15T16:00:00Z,11.993045277777778,33.545141944444445,39.03301330222222,-157.99889238694445,0.59397786,NA,NA,0.3054463594685514,NA,NA,NA,0.59397786,8.95139834651044,1.514717749216239,0.3054463594685514,NA,371.56764218044685,5.374246497160364,NA,NA,NA,NA,NA,NA
220628_Smp_MU11_C,220623_Smp_MU11_C,KM1906,38.58,-158,4/15/19,05:30:00,7,2019-04-15T16:00:00Z,11.993045277777778,33.545141944444445,39.03301330222222,-157.99889238694445,0.59397786,NA,NA,0.3054463594685514,NA,NA,NA,0.59397786,8.95139834651044,1.514717749216239,0.3054463594685514,NA,371.56764218044685,5.374246497160364,NA,NA,NA,NA,NA,NA
220628_Smp_MU14_A,220623_Smp_MU14_A,KM1906,37.38,-158,4/23/19,12:00:00,7,2019-04-23T22:00:00Z,13.137168055555556,33.72914638888889,37.56252765916667,-158.00013877166666,0.3495659,7.237378093370999,1.230438361246596,NA,NA,NA,NA,0.3495659,7.237378093370999,1.230438361246596,NA,NA,580.8221685800295,7.324904272640574,NA,NA,NA,NA,NA,NA
220628_Smp_MU14_B,220623_Smp_MU14_B,KM1906,37.38,-158,4/23/19,12:00:00,7,2019-04-23T22:00:00Z,13.137168055555556,33.72914638888889,37.56252765916667,-158.00013877166666,0.3495659,7.237378093370999,1.230438361246596,NA,NA,NA,NA,0.3495659,7.237378093370999,1.230438361246596,NA,NA,580.8221685800295,7.324904272640574,NA,NA,NA,NA,NA,NA
220628_Smp_MU14_C,220623_Smp_MU14_C,KM1906,37.38,-158,4/23/19,12:00:00,7,2019-04-23T22:00:00Z,13.137168055555556,33.72914638888889,37.56252765916667,-158.00013877166666,0.3495659,7.237378093370999,1.230438361246596,NA,NA,NA,NA,0.3495659,7.237378093370999,1.230438361246596,NA,NA,580.8221685800295,7.324904272640574,NA,NA,NA,NA,NA,NA
220628_Smp_MU15_A,220623_Smp_MU15_A,KM1906,38.45,-158,4/23/19,18:25:00,7,2019-04-24T04:00:00Z,12.053785714285716,33.593584443099274,38.6769296937046,-158.00217001150122,0.32948288,NA,NA,NA,NA,NA,NA,0.32948288,6.036889258385589,0.9714448277203324,NA,NA,603.8004482156292,7.774124007376654,NA,NA,NA,NA,NA,NA
220628_Smp_MU15_B,220623_Smp_MU15_B,KM1906,38.45,-158,4/23/19,18:25:00,7,2019-04-24T04:00:00Z,12.053785714285716,33.593584443099274,38.6769296937046,-158.00217001150122,0.32948288,NA,NA,NA,NA,NA,NA,0.32948288,6.036889258385589,0.9714448277203324,NA,NA,603.8004482156292,7.774124007376654,NA,NA,NA,NA,NA,NA
220628_Smp_MU15_C,220623_Smp_MU15_C,KM1906,38.45,-158,4/23/19,18:25:00,7,2019-04-24T04:00:00Z,12.053785714285716,33.593584443099274,38.6769296937046,-158.00217001150122,0.32948288,NA,NA,NA,NA,NA,NA,0.32948288,6.036889258385589,0.9714448277203324,NA,NA,603.8004482156292,7.774124007376654,NA,NA,NA,NA,NA,NA
220628_Smp_MU16_A,220623_Smp_MU16_A,KM1906,40.53,-158,4/24/19,06:00:00,7,2019-04-24T16:00:00Z,10.080793611111112,33.27448888888889,40.88062339555555,-157.99913987805556,0.594217,5.392033209527941,1.035601705704667,NA,NA,NA,NA,0.594217,5.392033209527941,1.035601705704667,NA,NA,645.7296748368722,8.584431674135832,NA,NA,NA,NA,NA,NA
220628_Smp_MU16_B,220623_Smp_MU16_B,KM1906,40.53,-158,4/24/19,06:00:00,7,2019-04-24T16:00:00Z,10.080793611111112,33.27448888888889,40.88062339555555,-157.99913987805556,0.594217,5.392033209527941,1.035601705704667,NA,NA,NA,NA,0.594217,5.392033209527941,1.035601705704667,NA,NA,645.7296748368722,8.584431674135832,NA,NA,NA,NA,NA,NA
220628_Smp_MU16_C,220623_Smp_MU16_C,KM1906,40.53,-158,4/24/19,06:00:00,7,2019-04-24T16:00:00Z,10.080793611111112,33.27448888888889,40.88062339555555,-157.99913987805556,0.594217,5.392033209527941,1.035601705704667,NA,NA,NA,NA,0.594217,5.392033209527941,1.035601705704667,NA,NA,645.7296748368722,8.584431674135832,NA,NA,NA,NA,NA,NA
220628_Smp_MU17_A,220623_Smp_MU17_A,KM1906,42.334,-158,4/24/19,14:20:00,7,2019-04-25T00:00:00Z,9.221684824902724,33.103415786548084,42.33373749249583,-158.0005576036687,0.88884965,7.670675782311717,1.3343857012229023,NA,NA,NA,NA,0.88884965,7.670675782311717,1.3343857012229023,NA,NA,666.6712859123423,8.983384777165552,NA,NA,NA,NA,NA,NA
220628_Smp_MU17_B,220623_Smp_MU17_B,KM1906,42.334,-158,4/24/19,14:20:00,7,2019-04-25T00:00:00Z,9.221684824902724,33.103415786548084,42.33373749249583,-158.0005576036687,0.88884965,7.670675782311717,1.3343857012229023,NA,NA,NA,NA,0.88884965,7.670675782311717,1.3343857012229023,NA,NA,666.6712859123423,8.983384777165552,NA,NA,NA,NA,NA,NA
220628_Smp_MU17_C,NA,KM1906,42.334,-158,4/24/19,14:20:00,7,2019-04-25T00:00:00Z,9.221684824902724,33.103415786548084,42.33373749249583,-158.0005576036687,0.88884965,7.670675782311717,1.3343857012229023,NA,NA,NA,NA,0.88884965,7.670675782311717,1.3343857012229023,NA,NA,666.6712859123423,8.983384777165552,NA,NA,NA,NA,NA,NA
220628_Smp_MU18_A,NA,KM1906,42.09,-158,4/24/19,18:30:00,7,2019-04-25T05:00:00Z,9.08909388888889,33.07154638888889,42.10304875222222,-157.99993762055556,0.6671488799999999,NA,NA,NA,NA,NA,NA,0.6671488799999999,NA,NA,NA,NA,675.0641516684942,9.142353732910207,NA,NA,NA,NA,NA,NA
220628_Smp_MU18_B,NA,KM1906,42.09,-158,4/24/19,18:30:00,7,2019-04-25T05:00:00Z,9.08909388888889,33.07154638888889,42.10304875222222,-157.99993762055556,0.6671488799999999,NA,NA,NA,NA,NA,NA,0.6671488799999999,NA,NA,NA,NA,675.0641516684942,9.142353732910207,NA,NA,NA,NA,NA,NA
220628_Smp_MU18_C,NA,KM1906,42.09,-158,4/24/19,18:30:00,7,2019-04-25T05:00:00Z,9.08909388888889,33.07154638888889,42.10304875222222,-157.99993762055556,0.6671488799999999,NA,NA,NA,NA,NA,NA,0.6671488799999999,NA,NA,NA,NA,675.0641516684942,9.142353732910207,NA,NA,NA,NA,NA,NA
220628_Smp_MU19_A,NA,KM1906,40.09,-158,4/25/19,05:40:00,7,2019-04-25T16:00:00Z,11.454625833333331,33.55674666666667,40.09146936138889,-157.99966957777778,0.33540666,NA,NA,NA,0.22796933300581684,NA,NA,0.33540666,NA,NA,NA,0.22796933300581684,676.5509793924612,9.176059707849422,NA,NA,NA,NA,NA,NA
220628_Smp_MU19_B,NA,KM1906,40.09,-158,4/25/19,05:40:00,7,2019-04-25T16:00:00Z,11.454625833333331,33.55674666666667,40.09146936138889,-157.99966957777778,0.33540666,NA,NA,NA,0.22796933300581684,NA,NA,0.33540666,NA,NA,NA,0.22796933300581684,676.5509793924612,9.176059707849422,NA,NA,NA,NA,NA,NA
220628_Smp_MU19_C,NA,KM1906,40.09,-158,4/25/19,05:40:00,7,2019-04-25T16:00:00Z,11.454625833333331,33.55674666666667,40.09146936138889,-157.99966957777778,0.33540666,NA,NA,NA,0.22796933300581684,NA,NA,0.33540666,NA,NA,NA,0.22796933300581684,676.5509793924612,9.176059707849422,NA,NA,NA,NA,NA,NA
220628_Smp_MU20_A,NA,KM1906,37.48,-158,4/25/19,18:24:00,7,2019-04-26T04:00:00Z,13.015552777777778,33.726885277777775,37.906183685,-158.00017301055556,0.33151444,NA,NA,NA,0.19928456183147425,NA,NA,0.33151444,NA,NA,NA,0.19928456183147425,663.6361386851158,8.921904736385097,NA,NA,NA,NA,NA,NA
220628_Smp_MU20_B,NA,KM1906,37.48,-158,4/25/19,18:24:00,7,2019-04-26T04:00:00Z,13.015552777777778,33.726885277777775,37.906183685,-158.00017301055556,0.33151444,NA,NA,NA,0.19928456183147425,NA,NA,0.33151444,NA,NA,NA,0.19928456183147425,663.6361386851158,8.921904736385097,NA,NA,NA,NA,NA,NA
220628_Smp_MU20_C,NA,KM1906,37.48,-158,4/25/19,18:24:00,7,2019-04-26T04:00:00Z,13.015552777777778,33.726885277777775,37.906183685,-158.00017301055556,0.33151444,NA,NA,NA,0.19928456183147425,NA,NA,0.33151444,NA,NA,NA,0.19928456183147425,663.6361386851158,8.921904736385097,NA,NA,NA,NA,NA,NA
220628_Smp_MU21_A,NA,KM1906,35.55,-158,4/26/19,06:00:00,7,2019-04-26T16:00:00Z,14.241151666666669,33.90340777777778,35.813167684444444,-157.9986214922222,0.10913381632653062,NA,NA,NA,0.179524883973233,NA,NA,0.10913381632653062,NA,NA,NA,0.179524883973233,640.0244679272362,8.4391027435743,NA,NA,NA,NA,NA,NA
220628_Smp_MU21_B,NA,KM1906,35.55,-158,4/26/19,06:00:00,7,2019-04-26T16:00:00Z,14.241151666666669,33.90340777777778,35.813167684444444,-157.9986214922222,0.10913381632653062,NA,NA,NA,0.179524883973233,NA,NA,0.10913381632653062,NA,NA,NA,0.179524883973233,640.0244679272362,8.4391027435743,NA,NA,NA,NA,NA,NA
220628_Smp_MU21_C,NA,KM1906,35.55,-158,4/26/19,06:00:00,7,2019-04-26T16:00:00Z,14.241151666666669,33.90340777777778,35.813167684444444,-157.9986214922222,0.10913381632653062,NA,NA,NA,0.179524883973233,NA,NA,0.10913381632653062,NA,NA,NA,0.179524883973233,640.0244679272362,8.4391027435743,NA,NA,NA,NA,NA,NA
220628_Smp_MU22_A,NA,KM1906,34.39,-158,4/26/19,12:00:00,7,2019-04-26T22:00:00Z,15.094179166666668,34.1763075,34.70844114361111,-157.99944519694444,0.11233084,NA,NA,NA,0.09492049102126476,NA,NA,0.11233084,NA,NA,NA,0.09492049102126476,624.207321279346,8.111959114163975,NA,NA,NA,NA,NA,NA
220628_Smp_MU22_B,NA,KM1906,34.39,-158,4/26/19,12:00:00,7,2019-04-26T22:00:00Z,15.094179166666668,34.1763075,34.70844114361111,-157.99944519694444,0.11233084,NA,NA,NA,0.09492049102126476,NA,NA,0.11233084,NA,NA,NA,0.09492049102126476,624.207321279346,8.111959114163975,NA,NA,NA,NA,NA,NA
220628_Smp_MU22_C,NA,KM1906,34.39,-158,4/26/19,12:00:00,7,2019-04-26T22:00:00Z,15.094179166666668,34.1763075,34.70844114361111,-157.99944519694444,0.11233084,NA,NA,NA,0.09492049102126476,NA,NA,0.11233084,NA,NA,NA,0.09492049102126476,624.207321279346,8.111959114163975,NA,NA,NA,NA,NA,NA
220628_Smp_MU23_A,NA,KM1906,33.34,-158,4/26/19,18:30:00,7,2019-04-27T05:00:00Z,17.005975700400228,34.542236706689536,33.431433034305314,-157.9996195637507,0.0563241,NA,NA,NA,0.0706562695065714,NA,NA,0.0563241,NA,NA,NA,0.0706562695065714,602.3740823616733,7.658045439079259,NA,NA,NA,NA,NA,NA
220628_Smp_MU23_B,NA,KM1906,33.34,-158,4/26/19,18:30:00,7,2019-04-27T05:00:00Z,17.005975700400228,34.542236706689536,33.431433034305314,-157.9996195637507,0.0563241,NA,NA,NA,0.0706562695065714,NA,NA,0.0563241,NA,NA,NA,0.0706562695065714,602.3740823616733,7.658045439079259,NA,NA,NA,NA,NA,NA
220628_Smp_MU23_C,NA,KM1906,33.34,-158,4/26/19,18:30:00,7,2019-04-27T05:00:00Z,17.005975700400228,34.542236706689536,33.431433034305314,-157.9996195637507,0.0563241,NA,NA,NA,0.0706562695065714,NA,NA,0.0563241,NA,NA,NA,0.0706562695065714,602.3740823616733,7.658045439079259,NA,NA,NA,NA,NA,NA
220628_Smp_MU24_A,NA,KM1906,31.24,-158,4/27/19,06:00:00,7,2019-04-27T16:00:00Z,18.385036419238254,34.70488323603003,31.40364838698916,-157.9990073002502,0.04070342,NA,NA,NA,NA,NA,NA,0.04070342,NA,NA,NA,0.06997248112459839,560.710636259874,6.7875576939132936,NA,NA,NA,NA,NA,NA
220628_Smp_MU24_B,NA,KM1906,31.24,-158,4/27/19,06:00:00,7,2019-04-27T16:00:00Z,18.385036419238254,34.70488323603003,31.40364838698916,-157.9990073002502,0.04070342,NA,NA,NA,NA,NA,NA,0.04070342,NA,NA,NA,0.06997248112459839,560.710636259874,6.7875576939132936,NA,NA,NA,NA,NA,NA
220628_Smp_MU24_C,NA,KM1906,31.24,-158,4/27/19,06:00:00,7,2019-04-27T16:00:00Z,18.385036419238254,34.70488323603003,31.40364838698916,-157.9990073002502,0.04070342,NA,NA,NA,NA,NA,NA,0.04070342,NA,NA,NA,0.06997248112459839,560.710636259874,6.7875576939132936,NA,NA,NA,NA,NA,NA
190715_Smp_KM1906U12_A,220623_Smp_MU12_A,KM1906,37,-158,4/19/19,18:50:00,7,2019-04-20T05:00:00Z,13.608734444444444,33.74229861111111,36.99995289277778,-158.00005253055556,0.15114628,NA,NA,NA,NA,NA,NA,0.15114628,7.36923588443277,1.2539587616175656,0.001,NA,838.5106056691732,10.642094058344655,NA,NA,NA,NA,NA,NA
190715_Smp_KM1906U12_B,220623_Smp_MU12_B,KM1906,37,-158,4/19/19,18:50:00,7,2019-04-20T05:00:00Z,13.608734444444444,33.74229861111111,36.99995289277778,-158.00005253055556,0.15114628,NA,NA,NA,NA,NA,NA,0.15114628,7.36923588443277,1.2539587616175656,0.001,NA,838.5106056691732,10.642094058344655,NA,NA,NA,NA,NA,NA
190715_Smp_KM1906U12_C,220623_Smp_MU12_C,KM1906,37,-158,4/19/19,18:50:00,7,2019-04-20T05:00:00Z,13.608734444444444,33.74229861111111,36.99995289277778,-158.00005253055556,0.15114628,NA,NA,NA,NA,NA,NA,0.15114628,7.36923588443277,1.2539587616175656,0.001,NA,838.5106056691732,10.642094058344655,NA,NA,NA,NA,NA,NA
190715_Smp_KM1906U13_A,220623_Smp_MU13_A,KM1906,33,-158,4/21/19,19:00:00,7,2019-04-22T05:00:00Z,17.622350277777777,34.55877583333333,32.93520102055555,-158.00009589777778,0.05232124,NA,NA,NA,NA,NA,NA,0.05232124,3.0323843857365698,0.5119802114431791,0.001,NA,468.4668437234796,5.146964858531171,NA,NA,NA,NA,NA,NA
190715_Smp_KM1906U13_B,220623_Smp_MU13_B,KM1906,33,-158,4/21/19,19:00:00,7,2019-04-22T05:00:00Z,17.622350277777777,34.55877583333333,32.93520102055555,-158.00009589777778,0.05232124,NA,NA,NA,NA,NA,NA,0.05232124,3.0323843857365698,0.5119802114431791,0.001,NA,468.4668437234796,5.146964858531171,NA,NA,NA,NA,NA,NA
190715_Smp_KM1906U13_C,220623_Smp_MU13_C,KM1906,33,-158,4/21/19,19:00:00,7,2019-04-22T05:00:00Z,17.622350277777777,34.55877583333333,32.93520102055555,-158.00009589777778,0.05232124,NA,NA,NA,NA,NA,NA,0.05232124,3.0323843857365698,0.5119802114431791,0.001,NA,468.4668437234796,5.146964858531171,NA,NA,NA,NA,NA,NA
